CREATE DATABASE  IF NOT EXISTS `wearablelearning` /*!40100 DEFAULT CHARACTER SET utf8 */;
USE `wearablelearning`;
-- MySQL dump 10.13  Distrib 5.7.12, for Win64 (x86_64)
--
-- Host: 127.0.0.1    Database: wearablelearning
-- ------------------------------------------------------
-- Server version	5.7.17-log

/*!40101 SET @OLD_CHARACTER_SET_CLIENT=@@CHARACTER_SET_CLIENT */;
/*!40101 SET @OLD_CHARACTER_SET_RESULTS=@@CHARACTER_SET_RESULTS */;
/*!40101 SET @OLD_COLLATION_CONNECTION=@@COLLATION_CONNECTION */;
/*!40101 SET NAMES utf8 */;
/*!40103 SET @OLD_TIME_ZONE=@@TIME_ZONE */;
/*!40103 SET TIME_ZONE='+00:00' */;
/*!40014 SET @OLD_UNIQUE_CHECKS=@@UNIQUE_CHECKS, UNIQUE_CHECKS=0 */;
/*!40014 SET @OLD_FOREIGN_KEY_CHECKS=@@FOREIGN_KEY_CHECKS, FOREIGN_KEY_CHECKS=0 */;
/*!40101 SET @OLD_SQL_MODE=@@SQL_MODE, SQL_MODE='NO_AUTO_VALUE_ON_ZERO' */;
/*!40111 SET @OLD_SQL_NOTES=@@SQL_NOTES, SQL_NOTES=0 */;

--
-- Table structure for table `class`
--

DROP TABLE IF EXISTS `class`;
/*!40101 SET @saved_cs_client     = @@character_set_client */;
/*!40101 SET character_set_client = utf8 */;
CREATE TABLE `class` (
  `classId` int(11) NOT NULL AUTO_INCREMENT,
  `teacherId` int(11) NOT NULL,
  `className` varchar(45) NOT NULL,
  `grade` int(11) NOT NULL,
  `school` varchar(45) NOT NULL,
  `year` int(11) NOT NULL,
  PRIMARY KEY (`classId`)
) ENGINE=InnoDB AUTO_INCREMENT=4 DEFAULT CHARSET=utf8;
/*!40101 SET character_set_client = @saved_cs_client */;

--
-- Dumping data for table `class`
--

LOCK TABLES `class` WRITE;
/*!40000 ALTER TABLE `class` DISABLE KEYS */;
INSERT INTO `class` VALUES (1,1,'A Group',12,'UMass',2017),(2,1,'B Group',12,'UMass',2017),(3,1,'C Group',12,'UMass',2017);
/*!40000 ALTER TABLE `class` ENABLE KEYS */;
UNLOCK TABLES;

--
-- Table structure for table `devices`
--

DROP TABLE IF EXISTS `devices`;
/*!40101 SET @saved_cs_client     = @@character_set_client */;
/*!40101 SET character_set_client = utf8 */;
CREATE TABLE `devices` (
  `deviceId` int(11) NOT NULL AUTO_INCREMENT,
  `ipAddress` varchar(45) DEFAULT NULL,
  `macAddress` varchar(45) DEFAULT NULL,
  `studentId` int(11) DEFAULT NULL,
  `connected` tinyint(1) DEFAULT NULL,
  PRIMARY KEY (`deviceId`)
) ENGINE=InnoDB DEFAULT CHARSET=utf8;
/*!40101 SET character_set_client = @saved_cs_client */;

--
-- Dumping data for table `devices`
--

LOCK TABLES `devices` WRITE;
/*!40000 ALTER TABLE `devices` DISABLE KEYS */;
/*!40000 ALTER TABLE `devices` ENABLE KEYS */;
UNLOCK TABLES;

--
-- Table structure for table `gameinstance`
--

DROP TABLE IF EXISTS `gameinstance`;
/*!40101 SET @saved_cs_client     = @@character_set_client */;
/*!40101 SET character_set_client = utf8 */;
CREATE TABLE `gameinstance` (
  `gameInstanceId` int(11) NOT NULL AUTO_INCREMENT,
  `gameId` int(11) DEFAULT NULL,
  PRIMARY KEY (`gameInstanceId`)
) ENGINE=InnoDB DEFAULT CHARSET=utf8;
/*!40101 SET character_set_client = @saved_cs_client */;

--
-- Dumping data for table `gameinstance`
--

LOCK TABLES `gameinstance` WRITE;
/*!40000 ALTER TABLE `gameinstance` DISABLE KEYS */;
/*!40000 ALTER TABLE `gameinstance` ENABLE KEYS */;
UNLOCK TABLES;

--
-- Table structure for table `games`
--

DROP TABLE IF EXISTS `games`;
/*!40101 SET @saved_cs_client     = @@character_set_client */;
/*!40101 SET character_set_client = utf8 */;
CREATE TABLE `games` (
  `gameId` int(11) NOT NULL AUTO_INCREMENT,
  `title` varchar(45) NOT NULL,
  `teamCount` int(11) NOT NULL,
  `playersPerTeam` int(11) NOT NULL,
  PRIMARY KEY (`gameId`)
) ENGINE=InnoDB AUTO_INCREMENT=2 DEFAULT CHARSET=utf8;
/*!40101 SET character_set_client = @saved_cs_client */;

--
-- Dumping data for table `games`
--

LOCK TABLES `games` WRITE;
/*!40000 ALTER TABLE `games` DISABLE KEYS */;
INSERT INTO `games` VALUES (1,'Estimate It!',3,3);
/*!40000 ALTER TABLE `games` ENABLE KEYS */;
UNLOCK TABLES;

--
-- Table structure for table `gamestate`
--

DROP TABLE IF EXISTS `gamestate`;
/*!40101 SET @saved_cs_client     = @@character_set_client */;
/*!40101 SET character_set_client = utf8 */;
CREATE TABLE `gamestate` (
  `gameStateId` int(11) NOT NULL AUTO_INCREMENT,
  `gameId` int(11) DEFAULT NULL,
  `teamId` int(11) DEFAULT NULL,
  `playerId` int(11) DEFAULT NULL,
  `hintSetId` int(11) DEFAULT NULL,
  `textContent` varchar(1000) DEFAULT NULL,
  `ledColor` varchar(45) DEFAULT NULL,
  `ledDuration` int(11) DEFAULT NULL,
  `buzzerState` tinyint(1) DEFAULT NULL,
  `buzzerDuration` int(11) DEFAULT NULL,
  `buttonInputType` varchar(45) DEFAULT NULL,
  `rfid` varchar(45) DEFAULT NULL,
  `gameStateCount` int(11) DEFAULT NULL,
  PRIMARY KEY (`gameStateId`)
) ENGINE=InnoDB AUTO_INCREMENT=187 DEFAULT CHARSET=utf8;
/*!40101 SET character_set_client = @saved_cs_client */;

--
-- Dumping data for table `gamestate`
--

LOCK TABLES `gamestate` WRITE;
/*!40000 ALTER TABLE `gamestate` DISABLE KEYS */;
INSERT INTO `gamestate` VALUES (1,1,0,0,0,'Welcome To Estimate it! Push a button to start.','',0,0,0,'single','0',1),(2,1,1,0,0,'Your job is to find shapes scattered in the game area. When you find the right shape, push the corresponding button. For instance, push red to continue.','',0,0,0,'single','0',2),(3,1,1,0,0,'Now push green.','',0,0,0,'single','0',3),(4,1,1,0,0,'No, that was not green, push a button to try again.','',0,0,0,'single','0',4),(5,1,1,0,0,'Each person in your team will look for a different object. Ready to Start? Push any button to get your first clue.','',0,0,0,'single','0',5),(6,1,0,1,0,'Find a cube with a face 6\" long. Press the black button if you want a hint','',0,0,0,'single','0',6),(7,1,0,1,0,'Hint: A cube is a box with 6 square faces (a face is a side). Find a cube with a face 6” long.','',0,0,0,'single','0',7),(8,1,0,1,0,'Incorrect, press any button to try again.','',0,0,0,'single','0',8),(9,1,0,1,0,'Now enter the second color.','',0,0,0,'single','0',9),(10,1,0,1,0,'Now enter the third color.','',0,0,0,'single','0',10),(11,1,0,1,0,'Now enter the fourth color.','',0,0,0,'single','0',11),(12,1,0,1,0,'Congratulations! You have found the cube. Press any button to continue.','',0,0,0,'single','0',12),(13,1,0,2,0,'Find a rectangular prism with its longest edge about 6”. Press the black button if you want a hint.','',0,0,0,'single','0',13),(14,1,0,2,0,'Hint: A rectangular prism is like a shoebox. An edge is a border. Find a rectangular prism with longest edge about 6”.','',0,0,0,'single','0',14),(15,1,0,2,0,'Incorrect, press any button to try again.','',0,0,0,'single','0',15),(16,1,0,1,0,'Now enter the second color.','',0,0,0,'single','0',16),(17,1,0,1,0,'Now enter the third color.','',0,0,0,'single','0',17),(18,1,0,1,0,'Now enter the fourth color.','',0,0,0,'single','0',18),(19,1,0,2,0,'Congratulations! You have found the prism. Rectangular prism with longest edge of  6”. Push BLACK to continue.','',0,0,0,'single','0',19),(20,1,0,3,0,'Find a 6” tall cylinder. Press the black button if you want a hint.','',0,0,0,'single','0',20),(21,1,0,3,0,'I am a cylinder: My shape is like a soda can. Find a 6” tall cylinder.','',0,0,0,'single','0',21),(22,1,0,3,0,'Incorrect, press any button to try again.','',0,0,0,'single','0',22),(23,1,0,1,0,'Now enter the second color.','',0,0,0,'single','0',23),(24,1,0,1,0,'Now enter the third color.','',0,0,0,'single','0',24),(25,1,0,1,0,'Now enter the fourth color.','',0,0,0,'single','0',25),(26,1,0,3,0,'Congratulations! You have found the cylinder. You found a 6” tall cylinder. Push BLACK to continue.','',0,0,0,'single','0',26),(27,1,1,0,0,'Now take your shape to the starting area. Press black to continue.','',0,0,0,'single','0',27),(28,1,1,0,0,'Great Job! You reached LEVEL 2 of the “Estimate it!” game. Wait until you are given instructions. Do not push any buttons.','',0,0,0,'single','0',28),(29,1,1,0,0,'Listen carefully to the organizers as they tell you about the 2nd part. Wait and do not push any buttons until you are told.','',0,0,0,'single','0',29),(30,1,1,0,0,'Work as a team to find as many shapes as you can before time runs out. You have 8  minutes. Push the black button to continue.','',0,0,0,'single','0',30),(31,1,1,0,0,'Find a volume about 6” wide, with no flat faces. Press the black button if you want a hint','',0,0,0,'single','0',31),(32,1,1,0,0,'Hint: I am a sphere, like a ball 6” tall. Find a shape about 6” wide, with no flat faces.','',0,0,0,'single','0',32),(33,1,1,0,0,'That was not the right color. Press a button to try entering the sequence again.','',0,0,0,'single','0',33),(34,1,1,0,0,'Now enter the second color.','',0,0,0,'single','0',34),(35,1,1,0,0,'Now enter the third color.','',0,0,0,'single','0',35),(36,1,1,0,0,'Now enter the fourth color.','',0,0,0,'single','0',36),(37,1,1,0,0,'Congratulations! You have found the sphere. You found a volume with no flat faces. Push BLACK to continue.','',0,0,0,'single','0',37),(38,1,1,0,0,'Now WAIT for everybody in your team to enter colors for this object too. After everybody is done, you will be moved on to continue.','',0,0,0,'single','0',38),(39,1,1,0,0,'Please take your team’s shape to the starting area. Then push BLACK to finish this level.','',0,0,0,'single','0',39),(40,1,1,0,0,'Find a volume where each face has 4 right angles and all sides are 6” long. Press the black button if you want a hint.','',0,0,0,'single','0',40),(41,1,1,0,0,'I am a cube: all faces are squares (4 right angles and same length sides). Find a volume where each face has 4 right angles and all sides are 6” long.','',0,0,0,'single','0',41),(42,1,1,0,0,'That was not the right color. Press a button to try entering the sequence again.','',0,0,0,'single','0',42),(43,1,1,0,0,'Now enter the second color.','',0,0,0,'single','0',43),(44,1,1,0,0,'Now enter the third color.','',0,0,0,'single','0',44),(45,1,1,0,0,'Now enter the fourth color.','',0,0,0,'single','0',45),(46,1,1,0,0,'Congratulations! You have found the cube. You found a volume with no flat faces. Push BLACK to continue.','',0,0,0,'single','0',46),(47,1,1,0,0,'Now WAIT for everybody in your team to enter colors for this object too. After everybody is done, you will be moved on to continue.','',0,0,0,'single','0',47),(48,1,1,0,0,'Please take your team’s shape to the starting area. Then push BLACK to find another object as a team.','',0,0,0,'single','0',48),(49,1,1,0,0,'Find a sphere about 6” tall. Press the black button if you want a hint','',0,0,0,'single','0',49),(50,1,1,0,0,'Hint: My shape is like a ball. This  sphere is  6” tall...','',0,0,0,'single','0',50),(51,1,1,0,0,'That was not the right color... Try entering all colors again, or press BLACK for a hint.','',0,0,0,'single','0',51),(52,1,1,0,0,'Now enter the second color.','',0,0,0,'single','0',52),(53,1,1,0,0,'Now enter the third color.','',0,0,0,'single','0',53),(54,1,1,0,0,'Now enter the fourth color.','',0,0,0,'single','0',54),(55,1,1,0,0,'Congratulations! You have found the sphere. You found a sphere about 6” tall. Push BLACK to continue.','',0,0,0,'single','0',55),(56,1,1,0,0,'Now WAIT for everybody in your team to enter colors for this object too. After everybody is done, you will be moved on to continue.','',0,0,0,'single','0',56),(57,1,1,0,0,'Please take your team’s shape to the starting area. Then push BLACK to finish this level.','',0,0,0,'single','0',57),(58,1,1,0,0,'Find a volume with 4 faces, with all acute angles. Press the black button if you want a hint.','',0,0,0,'single','0',58),(59,1,1,0,0,'An acute angle measures less than 90 degrees. Find a shape with 4 faces, with all acute angles.','',0,0,0,'single','0',59),(60,1,1,0,0,'That was not the right color... Try entering all colors again, or press BLACK for a hint.','',0,0,0,'single','0',60),(61,1,1,0,0,'Now enter the second color.','',0,0,0,'single','0',61),(62,1,1,0,0,'Now enter the third color.','',0,0,0,'single','0',62),(63,1,1,0,0,'Now enter the fourth color.','',0,0,0,'single','0',63),(64,1,1,0,0,'Congratulations! You have found a triangular pyramid. A volume with 4 faces, all acute angles. Push BLACK to continue.','',0,0,0,'single','0',64),(65,1,1,0,0,'Please take your team’s shape to the starting area. Then push BLACK to finish this level.','',0,0,0,'single','0',65),(66,1,0,0,0,'G A M E    O V E R . Thank you for playing “Estimate It!”','',0,0,0,'single','0',66),(67,1,0,1,0,'Find a cube with a face 4” long. Press the black button for a hint.','',0,0,0,'single','0',67),(68,1,0,1,0,'Hint: A cube is a box with 6 square faces (a face is a side). Find a cube with a face 4” long.','',0,0,0,'single','0',68),(69,1,0,1,0,'Incorrect, press any button to try again.','',0,0,0,'single','0',69),(70,1,0,1,0,'Now enter the second color.','',0,0,0,'single','0',70),(71,1,0,1,0,'Now enter the third color.','',0,0,0,'single','0',71),(72,1,0,1,0,'Now enter the fourth color.','',0,0,0,'single','0',72),(73,1,0,1,0,'Congratulations! You have found the cube. Press any button to continue.','',0,0,0,'single','0',73),(74,1,0,2,0,'Find a sphere about 6” tall. Press the black button if you want a hint.','',0,0,0,'single','0',74),(75,1,0,2,0,'Hint: I have the shape a ball. Put a stick next to me to measure my height. Find a sphere about 6” tall.','',0,0,0,'single','0',75),(76,1,0,2,0,'Incorrect, press any button to try again.','',0,0,0,'single','0',76),(77,1,0,2,0,'Now enter the second color.','',0,0,0,'single','0',77),(78,1,0,2,0,'Now enter the third color.','',0,0,0,'single','0',78),(79,1,0,2,0,'Now enter the fourth color.','',0,0,0,'single','0',79),(80,1,0,2,0,'Congratulations! You have found the sphere. You found a sphere about 6” tall. Push BLACK to continue.','',0,0,0,'single','0',80),(81,1,0,3,0,'Find a rectangular prism with its longest edge about 10”. Press the black button if you want a hint.','',0,0,0,'single','0',81),(82,1,0,3,0,'Hint: A rectangular prism is like a shoebox. An edge is a border. Find a rectangular prism with longest edge about 10”.','',0,0,0,'single','0',82),(83,1,0,3,0,'Incorrect, press any button to try again.','',0,0,0,'single','0',83),(84,1,0,3,0,'Now enter the second color.','',0,0,0,'single','0',84),(85,1,0,3,0,'Now enter the third color.','',0,0,0,'single','0',85),(86,1,0,3,0,'Now enter the fourth color.','',0,0,0,'single','0',86),(87,1,0,3,0,'Congratulations! You have found the prism. A rectangular prism with longest edge about 10”. Push BLACK to continue.','',0,0,0,'single','0',87),(88,1,2,0,0,'Now take your shape to the starting area. Press black to continue.','',0,0,0,'single','0',88),(89,1,2,0,0,'Great Job! You reached LEVEL 2 of the “Estimate it!” game. Wait until you are given instructions. Do not push any buttons.','',0,0,0,'single','0',89),(90,1,2,0,0,'Listen carefully to the organizers as they tell you about the 2nd part. Wait and do not push any buttons until you are told.','',0,0,0,'single','0',90),(91,1,2,0,0,'Work as a team to find as many shapes as you can before time runs out. You have 8  minutes. Push the black button to continue.','',0,0,0,'single','0',91),(92,1,2,0,0,'Find a shape with 2 flat sides and 1 curved side, 8” tall. Press the black button if you want a hint.','',0,0,0,'single','0',92),(93,1,2,0,0,'Hint: I am a sphere, like a ball 6” tall. Find a shape about 6” wide, with no flat faces.','',0,0,0,'single','0',93),(94,1,2,0,0,'That was not the right color. Press a button to try entering the sequence again.','',0,0,0,'single','0',94),(95,1,2,0,0,'Now enter the second color.','',0,0,0,'single','0',95),(96,1,2,0,0,'Now enter the third color.','',0,0,0,'single','0',96),(97,1,2,0,0,'Now enter the fourth color.','',0,0,0,'single','0',97),(98,1,2,0,0,'Congratulations! You have found the sphere. You found a volume with no flat faces. Push BLACK to continue.','',0,0,0,'single','0',98),(99,1,2,0,0,'Now WAIT for everybody in your team to enter colors for this object too. After everybody is done, you will be moved on to continue.','',0,0,0,'single','0',99),(100,1,2,0,0,'Please take your team’s shape to the starting area. Then push BLACK to finish this level.','',0,0,0,'single','0',100),(101,1,2,0,0,'Find a volume with 4 faces, with all acute angles. Press the black button if you want a hint.','',0,0,0,'single','0',101),(102,1,2,0,0,'An acute angle measures less than 90 degrees. Find a shape with 4 faces, with all acute angles.','',0,0,0,'single','0',102),(103,1,2,0,0,'That was not the right color. Press a button to try entering the sequence again.','',0,0,0,'single','0',103),(104,1,2,0,0,'Now enter the second color.','',0,0,0,'single','0',104),(105,1,2,0,0,'Now enter the third color.','',0,0,0,'single','0',105),(106,1,2,0,0,'Now enter the fourth color.','',0,0,0,'single','0',106),(107,1,2,0,0,'Congratulations! You have found a triangular pyramid. A volume with 4 faces, all acute angles. Push BLACK to continue.','',0,0,0,'single','0',107),(108,1,2,0,0,'Now WAIT for everybody in your team to enter colors for this object too. After everybody is done, you will be moved on to continue.','',0,0,0,'single','0',108),(109,1,2,0,0,'Please take your team’s shape to the starting area. Then push BLACK to find another object as a team.','',0,0,0,'single','0',109),(110,1,2,0,0,'Find a cube with a face 8” long. Press the black button if you want a hint.','',0,0,0,'single','0',110),(111,1,2,0,0,'Hint: A cube is a box with 6 equal square faces. Find a cube with an face 8” long.','',0,0,0,'single','0',111),(112,1,2,0,0,'That was not the right color... Try entering all colors again, or press BLACK for a hint.','',0,0,0,'single','0',112),(113,1,2,0,0,'Now enter the second color.','',0,0,0,'single','0',113),(114,1,2,0,0,'Now enter the third color.','',0,0,0,'single','0',114),(115,1,2,0,0,'Now enter the fourth color.','',0,0,0,'single','0',115),(116,1,2,0,0,'Congratulations! You have found the cube. You found a cube with a face 8” long. Push BLACK to continue.','',0,0,0,'single','0',116),(117,1,2,0,0,'Now WAIT for everybody in your team to enter colors for this object too. After everybody is done, you will be moved on to continue.','',0,0,0,'single','0',117),(118,1,2,0,0,'Please take your team’s shape to the starting area. Then push BLACK to finish this level.','',0,0,0,'single','0',118),(119,1,2,0,0,'Find a sphere about 8” tall. Press the black button if you want a hint.','',0,0,0,'single','0',119),(120,1,2,0,0,'Hint: I have the shape a ball. Put a stick next to me to measure my height. Find a sphere about 8” tall.','',0,0,0,'single','0',120),(121,1,2,0,0,'That was not the right color... Try entering all colors again, or press BLACK for a hint.','',0,0,0,'single','0',121),(122,1,2,0,0,'Now enter the second color.','',0,0,0,'single','0',122),(123,1,2,0,0,'Now enter the third color.','',0,0,0,'single','0',123),(124,1,2,0,0,'Now enter the fourth color.','',0,0,0,'single','0',124),(125,1,2,0,0,'Congratulations! You have found the sphere. You found a sphere about 8” tall. Push BLACK to continue.','',0,0,0,'single','0',125),(126,1,2,0,0,'Please take your team’s shape to the starting area. Then push BLACK to finish this level.','',0,0,0,'single','0',126),(127,1,0,1,0,'Find a cube with a face 8” long. Press the black button if you want a hint.','',0,0,0,'single','0',127),(128,1,0,1,0,'Hint: A cube is a box with 6 equal square faces. Find a cube with an face 8” long.','',0,0,0,'single','0',128),(129,1,0,1,0,'Incorrect, press any button to try again.','',0,0,0,'single','0',129),(130,1,0,1,0,'Now enter the second color.','',0,0,0,'single','0',130),(131,1,0,1,0,'Now enter the third color.','',0,0,0,'single','0',131),(132,1,0,1,0,'Now enter the fourth color.','',0,0,0,'single','0',132),(133,1,0,1,0,'Congratulations! You have found the cube. You found a cube with a face 8” long. Push BLACK to continue.','',0,0,0,'single','0',133),(134,1,0,2,0,'Find a rectangular prism with its longest edge about 10” long. Press the black button if you want a hint.','',0,0,0,'single','0',134),(135,1,0,2,0,'Hint: A rectangular prism’s shape is like a shoebox. Find a rectangular prism with longest edge about 10”.','',0,0,0,'single','0',135),(136,1,0,2,0,'Incorrect, press any button to try again.','',0,0,0,'single','0',136),(137,1,0,2,0,'Now enter the second color.','',0,0,0,'single','0',137),(138,1,0,2,0,'Now enter the third color.','',0,0,0,'single','0',138),(139,1,0,2,0,'Now enter the fourth color.','',0,0,0,'single','0',139),(140,1,0,2,0,'Congratulations! You have found the prism. A rectangular prism with longest edge about 10”. Push BLACK to continue.','',0,0,0,'single','0',140),(141,1,0,3,0,'Find a sphere about 8” tall. Press the black button if you want a hint.','',0,0,0,'single','0',141),(142,1,0,3,0,'Hint: My shape is like a ball. You can use a stick to measure my height. Find a sphere about 8” tall.','',0,0,0,'single','0',142),(143,1,0,3,0,'Incorrect, press any button to try again.','',0,0,0,'single','0',143),(144,1,0,3,0,'Now enter the second color.','',0,0,0,'single','0',144),(145,1,0,3,0,'Now enter the third color.','',0,0,0,'single','0',145),(146,1,0,3,0,'Now enter the fourth color.','',0,0,0,'single','0',146),(147,1,0,3,0,'Congratulations! YYou found a sphere about 8” tall. Push BLACK to continue.','',0,0,0,'single','0',147),(148,1,3,0,0,'Now take your shape to the starting area. Press black to continue.','',0,0,0,'single','0',148),(149,1,3,0,0,'Great Job! You reached LEVEL 2 of the “Estimate it!” game. Wait until you are given instructions. Do not push any buttons.','',0,0,0,'single','0',149),(150,1,3,0,0,'Listen carefully to the organizers as they tell you about the 2nd part. Wait and do not push any buttons until you are told.','',0,0,0,'single','0',150),(151,1,3,0,0,'Work as a team to find as many shapes as you can before time runs out. You have 8  minutes. Push the black button to continue.','',0,0,0,'single','0',151),(152,1,3,0,0,'Find a rectangular prism with 4 longer edges than the rest. Press the black button if you want a hint.','',0,0,0,'single','0',152),(153,1,3,0,0,'The 6 faces of a rectangular prism are rectangles (or squares). Find a rectangular prism with 4 longer edges than the rest.','',0,0,0,'single','0',153),(154,1,3,0,0,'That was not the right color. Press a button to try entering the sequence again.','',0,0,0,'single','0',154),(155,1,3,0,0,'Now enter the second color.','',0,0,0,'single','0',155),(156,1,3,0,0,'Now enter the third color.','',0,0,0,'single','0',156),(157,1,3,0,0,'Now enter the fourth color.','',0,0,0,'single','0',157),(158,1,3,0,0,'Congratulations! You have found the rectangular prism. A rectangular prism with 4 longer edges than the rest.','',0,0,0,'single','0',158),(159,1,3,0,0,'Now WAIT for everybody in your team to enter colors for this object too. After everybody is done, you will be moved on to continue.','',0,0,0,'single','0',159),(160,1,3,0,0,'Please take your team’s shape to the starting area. Then push BLACK to finish this level.','',0,0,0,'single','0',160),(161,1,3,0,0,'Find a rectangular prism: two of its faces are squares with 4” sides. Press the black button if you want a hint.','',0,0,0,'single','0',161),(162,1,3,0,0,'Hint: 4” is one third of your 12” dowel. Look for that square face. Find a rectangular prism: two of its faces are squares (4” sides)','',0,0,0,'single','0',162),(163,1,3,0,0,'That was not the right color. Press a button to try entering the sequence again.','',0,0,0,'single','0',163),(164,1,3,0,0,'Now enter the second color.','',0,0,0,'single','0',164),(165,1,3,0,0,'Now enter the third color.','',0,0,0,'single','0',165),(166,1,3,0,0,'Now enter the fourth color.','',0,0,0,'single','0',166),(167,1,3,0,0,'Congratulations! You have found the rectangular prism! A rectangular prism with two square faces (side length= 4”)','',0,0,0,'single','0',167),(168,1,2,0,0,'Now WAIT for everybody in your team to enter colors for this object too. After everybody is done, you will be moved on to continue.','',0,0,0,'single','0',168),(169,1,3,0,0,'Please take your team’s shape to the starting area. Then push BLACK to find another object as a team.','',0,0,0,'single','0',169),(170,1,3,0,0,'Find a volume where each face has 4 right angles and all sides are 6” long. Press the black button if you want a hint.','',0,0,0,'single','0',170),(171,1,3,0,0,'Hint: I am a cube: all faces are squares (4 right angles and same length sides). Find a volume where each face has 4 right angles and all sides are 6” long. ','',0,0,0,'single','0',171),(172,1,3,0,0,'That was not the right color... Try entering all colors again, or press BLACK for a hint.','',0,0,0,'single','0',172),(173,1,3,0,0,'Now enter the second color.','',0,0,0,'single','0',173),(174,1,3,0,0,'Now enter the third color.','',0,0,0,'single','0',174),(175,1,3,0,0,'Now enter the fourth color.','',0,0,0,'single','0',175),(176,1,3,0,0,'Congratulations! You have found the sphere. You found a volume with no flat faces. Push BLACK to continue.','',0,0,0,'single','0',176),(177,1,3,0,0,'Now WAIT for everybody in your team to enter colors for this object too. After everybody is done, you will be moved on to continue.','',0,0,0,'single','0',177),(178,1,3,0,0,'Please take your team’s shape to the starting area. Then push BLACK to finish this level.','',0,0,0,'single','0',178),(179,1,3,0,0,'Find a 6” tall cylinder. Press the black button if you want a hint.','',0,0,0,'single','0',179),(180,1,3,0,0,'I am a cylinder: My shape is like a soda can. Find a 6” tall cylinder.','',0,0,0,'single','0',180),(181,1,3,0,0,'That was not the right color... Try entering all colors again, or press BLACK for a hint.','',0,0,0,'single','0',181),(182,1,3,0,0,'Now enter the second color.','',0,0,0,'single','0',182),(183,1,3,0,0,'Now enter the third color.','',0,0,0,'single','0',183),(184,1,3,0,0,'Now enter the fourth color.','',0,0,0,'single','0',184),(185,1,3,0,0,'Congratulations! You have found the cylinder. You found a 6” tall cylinder. Push BLACK to continue.','',0,0,0,'single','0',185),(186,1,3,0,0,'Please take your team’s shape to the starting area. Then push BLACK to finish this level.','',0,0,0,'single','0',186);
/*!40000 ALTER TABLE `gamestate` ENABLE KEYS */;
UNLOCK TABLES;

--
-- Table structure for table `gamestatetransitions`
--

DROP TABLE IF EXISTS `gamestatetransitions`;
/*!40101 SET @saved_cs_client     = @@character_set_client */;
/*!40101 SET character_set_client = utf8 */;
CREATE TABLE `gamestatetransitions` (
  `gameStateTransitionId` int(11) NOT NULL AUTO_INCREMENT,
  `gameStateId` int(11) DEFAULT NULL,
  `singlePushButtonColor` int(11) DEFAULT NULL,
  `fourButtonPush0` varchar(45) DEFAULT NULL,
  `fourButtonPush1` varchar(45) DEFAULT NULL,
  `fourButtonPush2` varchar(45) DEFAULT NULL,
  `fourButtonPush3` varchar(45) DEFAULT NULL,
  `nextGameStateTransition` varchar(45) DEFAULT NULL,
  PRIMARY KEY (`gameStateTransitionId`)
) ENGINE=InnoDB AUTO_INCREMENT=1729 DEFAULT CHARSET=utf8;
/*!40101 SET character_set_client = @saved_cs_client */;

--
-- Dumping data for table `gamestatetransitions`
--

LOCK TABLES `gamestatetransitions` WRITE;
/*!40000 ALTER TABLE `gamestatetransitions` DISABLE KEYS */;
INSERT INTO `gamestatetransitions` VALUES (1,1,0,'','','','','2'),(2,1,1,'','','','','2'),(3,1,2,'','','','','2'),(4,1,3,'','','','','2'),(5,1,0,'','','','','2'),(6,1,1,'','','','','2'),(7,1,2,'','','','','2'),(8,1,3,'','','','','2'),(9,1,0,'','','','','2'),(10,1,1,'','','','','2'),(11,1,2,'','','','','2'),(12,1,3,'','','','','2'),(13,2,0,'','','','','3'),(14,2,1,'','','','','3'),(15,2,2,'','','','','3'),(16,2,3,'','','','','3'),(17,2,0,'','','','','3'),(18,2,1,'','','','','3'),(19,2,2,'','','','','3'),(20,2,3,'','','','','3'),(21,2,0,'','','','','3'),(22,2,1,'','','','','3'),(23,2,2,'','','','','3'),(24,2,3,'','','','','3'),(25,3,0,'','','','','4'),(26,3,1,'','','','','5'),(27,3,2,'','','','','4'),(28,3,3,'','','','','4'),(29,3,0,'','','','','4'),(30,3,1,'','','','','5'),(31,3,2,'','','','','4'),(32,3,3,'','','','','4'),(33,3,0,'','','','','4'),(34,3,1,'','','','','5'),(35,3,2,'','','','','4'),(36,3,3,'','','','','4'),(37,4,0,'','','','','3'),(38,4,1,'','','','','3'),(39,4,2,'','','','','3'),(40,4,3,'','','','','3'),(41,4,0,'','','','','3'),(42,4,1,'','','','','3'),(43,4,2,'','','','','3'),(44,4,3,'','','','','3'),(45,4,0,'','','','','3'),(46,4,1,'','','','','3'),(47,4,2,'','','','','3'),(48,4,3,'','','','','3'),(49,5,0,'','','','','6'),(50,5,1,'','','','','6'),(51,5,2,'','','','','6'),(52,5,3,'','','','','6'),(53,5,0,'','','','','67'),(54,5,1,'','','','','67'),(55,5,2,'','','','','67'),(56,5,3,'','','','','67'),(57,5,0,'','','','','127'),(58,5,1,'','','','','127'),(59,5,2,'','','','','127'),(60,5,3,'','','','','127'),(61,6,0,'','','','','8'),(62,6,1,'','','','','9'),(63,6,2,'','','','','8'),(64,6,3,'','','','','7'),(65,7,0,'','','','','6'),(66,7,1,'','','','','6'),(67,7,2,'','','','','6'),(68,7,3,'','','','','6'),(69,8,0,'','','','','6'),(70,8,1,'','','','','6'),(71,8,2,'','','','','6'),(72,8,3,'','','','','6'),(73,9,0,'','','','','10'),(74,9,1,'','','','','8'),(75,9,2,'','','','','8'),(76,9,3,'','','','','8'),(77,10,0,'','','','','8'),(78,10,1,'','','','','8'),(79,10,2,'','','','','8'),(80,10,3,'','','','','11'),(81,11,0,'','','','','8'),(82,11,1,'','','','','8'),(83,11,2,'','','','','12'),(84,11,3,'','','','','8'),(85,12,0,'','','','','27'),(86,12,1,'','','','','27'),(87,12,2,'','','','','27'),(88,12,3,'','','','','27'),(89,13,0,'','','','','16'),(90,13,1,'','','','','15'),(91,13,2,'','','','','15'),(92,13,3,'','','','','14'),(93,14,0,'','','','','13'),(94,14,1,'','','','','13'),(95,14,2,'','','','','13'),(96,14,3,'','','','','13'),(97,15,0,'','','','','13'),(98,15,1,'','','','','13'),(99,15,2,'','','','','13'),(100,15,3,'','','','','13'),(101,16,0,'','','','','15'),(102,16,1,'','','','','17'),(103,16,2,'','','','','15'),(104,16,3,'','','','','15'),(105,17,0,'','','','','15'),(106,17,1,'','','','','15'),(107,17,2,'','','','','18'),(108,17,3,'','','','','15'),(109,18,0,'','','','','15'),(110,18,1,'','','','','19'),(111,18,2,'','','','','15'),(112,18,3,'','','','','15'),(113,19,0,'','','','','27'),(114,19,1,'','','','','27'),(115,19,2,'','','','','27'),(116,19,3,'','','','','27'),(117,20,0,'','','','','23'),(118,20,1,'','','','','22'),(119,20,2,'','','','','22'),(120,20,3,'','','','','21'),(121,21,0,'','','','','20'),(122,21,1,'','','','','20'),(123,21,2,'','','','','20'),(124,21,3,'','','','','20'),(125,22,0,'','','','','20'),(126,22,1,'','','','','20'),(127,22,2,'','','','','20'),(128,22,3,'','','','','20'),(129,23,0,'','','','','22'),(130,23,1,'','','','','22'),(131,23,2,'','','','','24'),(132,23,3,'','','','','22'),(133,24,0,'','','','','25'),(134,24,1,'','','','','22'),(135,24,2,'','','','','22'),(136,24,3,'','','','','22'),(137,25,0,'','','','','22'),(138,25,1,'','','','','22'),(139,25,2,'','','','','26'),(140,25,3,'','','','','22'),(141,26,0,'','','','','27'),(142,26,1,'','','','','27'),(143,26,2,'','','','','27'),(144,26,3,'','','','','27'),(145,27,0,'','','','','28'),(146,27,1,'','','','','28'),(147,27,2,'','','','','28'),(148,27,3,'','','','','28'),(149,27,0,'','','','','28'),(150,27,1,'','','','','28'),(151,27,2,'','','','','28'),(152,27,3,'','','','','28'),(153,27,0,'','','','','28'),(154,27,1,'','','','','28'),(155,27,2,'','','','','28'),(156,27,3,'','','','','28'),(157,28,0,'','','','','29'),(158,28,1,'','','','','29'),(159,28,2,'','','','','29'),(160,28,3,'','','','','29'),(161,28,0,'','','','','29'),(162,28,1,'','','','','29'),(163,28,2,'','','','','29'),(164,28,3,'','','','','29'),(165,28,0,'','','','','29'),(166,28,1,'','','','','29'),(167,28,2,'','','','','29'),(168,28,3,'','','','','29'),(169,29,0,'','','','','30'),(170,29,1,'','','','','30'),(171,29,2,'','','','','30'),(172,29,3,'','','','','30'),(173,29,0,'','','','','30'),(174,29,1,'','','','','30'),(175,29,2,'','','','','30'),(176,29,3,'','','','','30'),(177,29,0,'','','','','30'),(178,29,1,'','','','','30'),(179,29,2,'','','','','30'),(180,29,3,'','','','','30'),(181,30,0,'','','','','31'),(182,30,1,'','','','','31'),(183,30,2,'','','','','31'),(184,30,3,'','','','','31'),(185,30,0,'','','','','31'),(186,30,1,'','','','','31'),(187,30,2,'','','','','31'),(188,30,3,'','','','','31'),(189,30,0,'','','','','31'),(190,30,1,'','','','','31'),(191,30,2,'','','','','31'),(192,30,3,'','','','','31'),(193,31,0,'','','','','33'),(194,31,1,'','','','','34'),(195,31,2,'','','','','33'),(196,31,3,'','','','','32'),(197,31,0,'','','','','33'),(198,31,1,'','','','','34'),(199,31,2,'','','','','33'),(200,31,3,'','','','','32'),(201,31,0,'','','','','33'),(202,31,1,'','','','','34'),(203,31,2,'','','','','33'),(204,31,3,'','','','','32'),(205,32,0,'','','','','31'),(206,32,1,'','','','','31'),(207,32,2,'','','','','31'),(208,32,3,'','','','','31'),(209,32,0,'','','','','31'),(210,32,1,'','','','','31'),(211,32,2,'','','','','31'),(212,32,3,'','','','','31'),(213,32,0,'','','','','31'),(214,32,1,'','','','','31'),(215,32,2,'','','','','31'),(216,32,3,'','','','','31'),(217,33,0,'','','','','31'),(218,33,1,'','','','','31'),(219,33,2,'','','','','31'),(220,33,3,'','','','','31'),(221,33,0,'','','','','31'),(222,33,1,'','','','','31'),(223,33,2,'','','','','31'),(224,33,3,'','','','','31'),(225,33,0,'','','','','31'),(226,33,1,'','','','','31'),(227,33,2,'','','','','31'),(228,33,3,'','','','','31'),(229,34,0,'','','','','35'),(230,34,1,'','','','','33'),(231,34,2,'','','','','33'),(232,34,3,'','','','','33'),(233,34,0,'','','','','35'),(234,34,1,'','','','','33'),(235,34,2,'','','','','33'),(236,34,3,'','','','','33'),(237,34,0,'','','','','35'),(238,34,1,'','','','','33'),(239,34,2,'','','','','33'),(240,34,3,'','','','','33'),(241,35,0,'','','','','33'),(242,35,1,'','','','','33'),(243,35,2,'','','','','36'),(244,35,3,'','','','','33'),(245,35,0,'','','','','33'),(246,35,1,'','','','','33'),(247,35,2,'','','','','36'),(248,35,3,'','','','','33'),(249,35,0,'','','','','33'),(250,35,1,'','','','','33'),(251,35,2,'','','','','36'),(252,35,3,'','','','','33'),(253,36,0,'','','','','33'),(254,36,1,'','','','','33'),(255,36,2,'','','','','33'),(256,36,3,'','','','','37'),(257,36,0,'','','','','33'),(258,36,1,'','','','','33'),(259,36,2,'','','','','33'),(260,36,3,'','','','','37'),(261,36,0,'','','','','33'),(262,36,1,'','','','','33'),(263,36,2,'','','','','33'),(264,36,3,'','','','','37'),(265,37,0,'','','','','38'),(266,37,1,'','','','','38'),(267,37,2,'','','','','38'),(268,37,3,'','','','','38'),(269,37,0,'','','','','38'),(270,37,1,'','','','','38'),(271,37,2,'','','','','38'),(272,37,3,'','','','','38'),(273,37,0,'','','','','38'),(274,37,1,'','','','','38'),(275,37,2,'','','','','38'),(276,37,3,'','','','','38'),(277,38,0,'','','','','39'),(278,38,1,'','','','','39'),(279,38,2,'','','','','39'),(280,38,3,'','','','','39'),(281,38,0,'','','','','39'),(282,38,1,'','','','','39'),(283,38,2,'','','','','39'),(284,38,3,'','','','','39'),(285,38,0,'','','','','39'),(286,38,1,'','','','','39'),(287,38,2,'','','','','39'),(288,38,3,'','','','','39'),(289,39,0,'','','','','40'),(290,39,1,'','','','','40'),(291,39,2,'','','','','40'),(292,39,3,'','','','','40'),(293,39,0,'','','','','40'),(294,39,1,'','','','','40'),(295,39,2,'','','','','40'),(296,39,3,'','','','','40'),(297,39,0,'','','','','40'),(298,39,1,'','','','','40'),(299,39,2,'','','','','40'),(300,39,3,'','','','','40'),(301,40,0,'','','','','42'),(302,40,1,'','','','','42'),(303,40,2,'','','','','43'),(304,40,3,'','','','','41'),(305,40,0,'','','','','42'),(306,40,1,'','','','','42'),(307,40,2,'','','','','43'),(308,40,3,'','','','','41'),(309,40,0,'','','','','42'),(310,40,1,'','','','','42'),(311,40,2,'','','','','43'),(312,40,3,'','','','','41'),(313,41,0,'','','','','40'),(314,41,1,'','','','','40'),(315,41,2,'','','','','40'),(316,41,3,'','','','','40'),(317,41,0,'','','','','40'),(318,41,1,'','','','','40'),(319,41,2,'','','','','40'),(320,41,3,'','','','','40'),(321,41,0,'','','','','40'),(322,41,1,'','','','','40'),(323,41,2,'','','','','40'),(324,41,3,'','','','','40'),(325,42,0,'','','','','40'),(326,42,1,'','','','','40'),(327,42,2,'','','','','40'),(328,42,3,'','','','','40'),(329,42,0,'','','','','40'),(330,42,1,'','','','','40'),(331,42,2,'','','','','40'),(332,42,3,'','','','','40'),(333,42,0,'','','','','40'),(334,42,1,'','','','','40'),(335,42,2,'','','','','40'),(336,42,3,'','','','','40'),(337,43,0,'','','','','42'),(338,43,1,'','','','','44'),(339,43,2,'','','','','42'),(340,43,3,'','','','','42'),(341,43,0,'','','','','42'),(342,43,1,'','','','','44'),(343,43,2,'','','','','42'),(344,43,3,'','','','','42'),(345,43,0,'','','','','42'),(346,43,1,'','','','','44'),(347,43,2,'','','','','42'),(348,43,3,'','','','','42'),(349,44,0,'','','','','45'),(350,44,1,'','','','','42'),(351,44,2,'','','','','42'),(352,44,3,'','','','','42'),(353,44,0,'','','','','45'),(354,44,1,'','','','','42'),(355,44,2,'','','','','42'),(356,44,3,'','','','','42'),(357,44,0,'','','','','45'),(358,44,1,'','','','','42'),(359,44,2,'','','','','42'),(360,44,3,'','','','','42'),(361,45,0,'','','','','42'),(362,45,1,'','','','','42'),(363,45,2,'','','','','46'),(364,45,3,'','','','','42'),(365,45,0,'','','','','42'),(366,45,1,'','','','','42'),(367,45,2,'','','','','46'),(368,45,3,'','','','','42'),(369,45,0,'','','','','42'),(370,45,1,'','','','','42'),(371,45,2,'','','','','46'),(372,45,3,'','','','','42'),(373,46,0,'','','','','47'),(374,46,1,'','','','','47'),(375,46,2,'','','','','47'),(376,46,3,'','','','','47'),(377,46,0,'','','','','47'),(378,46,1,'','','','','47'),(379,46,2,'','','','','47'),(380,46,3,'','','','','47'),(381,46,0,'','','','','47'),(382,46,1,'','','','','47'),(383,46,2,'','','','','47'),(384,46,3,'','','','','47'),(385,47,0,'','','','','48'),(386,47,1,'','','','','48'),(387,47,2,'','','','','48'),(388,47,3,'','','','','48'),(389,47,0,'','','','','48'),(390,47,1,'','','','','48'),(391,47,2,'','','','','48'),(392,47,3,'','','','','48'),(393,47,0,'','','','','48'),(394,47,1,'','','','','48'),(395,47,2,'','','','','48'),(396,47,3,'','','','','48'),(397,48,0,'','','','','49'),(398,48,1,'','','','','49'),(399,48,2,'','','','','49'),(400,48,3,'','','','','49'),(401,48,0,'','','','','49'),(402,48,1,'','','','','49'),(403,48,2,'','','','','49'),(404,48,3,'','','','','49'),(405,48,0,'','','','','49'),(406,48,1,'','','','','49'),(407,48,2,'','','','','49'),(408,48,3,'','','','','49'),(409,49,0,'','','','','52'),(410,49,1,'','','','','51'),(411,49,2,'','','','','51'),(412,49,3,'','','','','50'),(413,49,0,'','','','','52'),(414,49,1,'','','','','51'),(415,49,2,'','','','','51'),(416,49,3,'','','','','50'),(417,49,0,'','','','','52'),(418,49,1,'','','','','51'),(419,49,2,'','','','','51'),(420,49,3,'','','','','50'),(421,50,0,'','','','','49'),(422,50,1,'','','','','49'),(423,50,2,'','','','','49'),(424,50,3,'','','','','49'),(425,50,0,'','','','','49'),(426,50,1,'','','','','49'),(427,50,2,'','','','','49'),(428,50,3,'','','','','49'),(429,50,0,'','','','','49'),(430,50,1,'','','','','49'),(431,50,2,'','','','','49'),(432,50,3,'','','','','49'),(433,51,0,'','','','','49'),(434,51,1,'','','','','49'),(435,51,2,'','','','','49'),(436,51,3,'','','','','49'),(437,51,0,'','','','','49'),(438,51,1,'','','','','49'),(439,51,2,'','','','','49'),(440,51,3,'','','','','49'),(441,51,0,'','','','','49'),(442,51,1,'','','','','49'),(443,51,2,'','','','','49'),(444,51,3,'','','','','49'),(445,52,0,'','','','','51'),(446,52,1,'','','','','51'),(447,52,2,'','','','','53'),(448,52,3,'','','','','51'),(449,52,0,'','','','','51'),(450,52,1,'','','','','51'),(451,52,2,'','','','','53'),(452,52,3,'','','','','51'),(453,52,0,'','','','','51'),(454,52,1,'','','','','51'),(455,52,2,'','','','','53'),(456,52,3,'','','','','51'),(457,53,0,'','','','','51'),(458,53,1,'','','','','51'),(459,53,2,'','','','','51'),(460,53,3,'','','','','54'),(461,53,0,'','','','','51'),(462,53,1,'','','','','51'),(463,53,2,'','','','','51'),(464,53,3,'','','','','54'),(465,53,0,'','','','','51'),(466,53,1,'','','','','51'),(467,53,2,'','','','','51'),(468,53,3,'','','','','54'),(469,54,0,'','','','','55'),(470,54,1,'','','','','51'),(471,54,2,'','','','','51'),(472,54,3,'','','','','51'),(473,54,0,'','','','','55'),(474,54,1,'','','','','51'),(475,54,2,'','','','','51'),(476,54,3,'','','','','51'),(477,54,0,'','','','','55'),(478,54,1,'','','','','51'),(479,54,2,'','','','','51'),(480,54,3,'','','','','51'),(481,55,0,'','','','','56'),(482,55,1,'','','','','56'),(483,55,2,'','','','','56'),(484,55,3,'','','','','56'),(485,55,0,'','','','','56'),(486,55,1,'','','','','56'),(487,55,2,'','','','','56'),(488,55,3,'','','','','56'),(489,55,0,'','','','','56'),(490,55,1,'','','','','56'),(491,55,2,'','','','','56'),(492,55,3,'','','','','56'),(493,56,0,'','','','','57'),(494,56,1,'','','','','57'),(495,56,2,'','','','','57'),(496,56,3,'','','','','57'),(497,56,0,'','','','','57'),(498,56,1,'','','','','57'),(499,56,2,'','','','','57'),(500,56,3,'','','','','57'),(501,56,0,'','','','','57'),(502,56,1,'','','','','57'),(503,56,2,'','','','','57'),(504,56,3,'','','','','57'),(505,57,0,'','','','','58'),(506,57,1,'','','','','58'),(507,57,2,'','','','','58'),(508,57,3,'','','','','58'),(509,57,0,'','','','','58'),(510,57,1,'','','','','58'),(511,57,2,'','','','','58'),(512,57,3,'','','','','58'),(513,57,0,'','','','','58'),(514,57,1,'','','','','58'),(515,57,2,'','','','','58'),(516,57,3,'','','','','58'),(517,58,0,'','','','','60'),(518,58,1,'','','','','60'),(519,58,2,'','','','','61'),(520,58,3,'','','','','59'),(521,58,0,'','','','','60'),(522,58,1,'','','','','60'),(523,58,2,'','','','','61'),(524,58,3,'','','','','59'),(525,58,0,'','','','','60'),(526,58,1,'','','','','60'),(527,58,2,'','','','','61'),(528,58,3,'','','','','59'),(529,59,0,'','','','','58'),(530,59,1,'','','','','58'),(531,59,2,'','','','','58'),(532,59,3,'','','','','58'),(533,59,0,'','','','','58'),(534,59,1,'','','','','58'),(535,59,2,'','','','','58'),(536,59,3,'','','','','58'),(537,59,0,'','','','','58'),(538,59,1,'','','','','58'),(539,59,2,'','','','','58'),(540,59,3,'','','','','58'),(541,60,0,'','','','','58'),(542,60,1,'','','','','58'),(543,60,2,'','','','','58'),(544,60,3,'','','','','58'),(545,60,0,'','','','','58'),(546,60,1,'','','','','58'),(547,60,2,'','','','','58'),(548,60,3,'','','','','58'),(549,60,0,'','','','','58'),(550,60,1,'','','','','58'),(551,60,2,'','','','','58'),(552,60,3,'','','','','58'),(553,61,0,'','','','','62'),(554,61,1,'','','','','60'),(555,61,2,'','','','','60'),(556,61,3,'','','','','60'),(557,61,0,'','','','','62'),(558,61,1,'','','','','60'),(559,61,2,'','','','','60'),(560,61,3,'','','','','60'),(561,61,0,'','','','','62'),(562,61,1,'','','','','60'),(563,61,2,'','','','','60'),(564,61,3,'','','','','60'),(565,62,0,'','','','','60'),(566,62,1,'','','','','60'),(567,62,2,'','','','','60'),(568,62,3,'','','','','63'),(569,62,0,'','','','','60'),(570,62,1,'','','','','60'),(571,62,2,'','','','','60'),(572,62,3,'','','','','63'),(573,62,0,'','','','','60'),(574,62,1,'','','','','60'),(575,62,2,'','','','','60'),(576,62,3,'','','','','63'),(577,63,0,'','','','','64'),(578,63,1,'','','','','60'),(579,63,2,'','','','','60'),(580,63,3,'','','','','60'),(581,63,0,'','','','','64'),(582,63,1,'','','','','60'),(583,63,2,'','','','','60'),(584,63,3,'','','','','60'),(585,63,0,'','','','','64'),(586,63,1,'','','','','60'),(587,63,2,'','','','','60'),(588,63,3,'','','','','60'),(589,64,0,'','','','','65'),(590,64,1,'','','','','65'),(591,64,2,'','','','','65'),(592,64,3,'','','','','65'),(593,64,0,'','','','','65'),(594,64,1,'','','','','65'),(595,64,2,'','','','','65'),(596,64,3,'','','','','65'),(597,64,0,'','','','','65'),(598,64,1,'','','','','65'),(599,64,2,'','','','','65'),(600,64,3,'','','','','65'),(601,65,0,'','','','','66'),(602,65,1,'','','','','66'),(603,65,2,'','','','','66'),(604,65,3,'','','','','66'),(605,65,0,'','','','','66'),(606,65,1,'','','','','66'),(607,65,2,'','','','','66'),(608,65,3,'','','','','66'),(609,65,0,'','','','','66'),(610,65,1,'','','','','66'),(611,65,2,'','','','','66'),(612,65,3,'','','','','66'),(613,66,0,'','','','','1'),(614,66,1,'','','','','1'),(615,66,2,'','','','','1'),(616,66,3,'','','','','1'),(617,66,0,'','','','','1'),(618,66,1,'','','','','1'),(619,66,2,'','','','','1'),(620,66,3,'','','','','1'),(621,66,0,'','','','','1'),(622,66,1,'','','','','1'),(623,66,2,'','','','','1'),(624,66,3,'','','','','1'),(625,67,0,'','','','','69'),(626,67,1,'','','','','69'),(627,67,2,'','','','','70'),(628,67,3,'','','','','68'),(629,68,0,'','','','','67'),(630,68,1,'','','','','67'),(631,68,2,'','','','','67'),(632,68,3,'','','','','67'),(633,69,0,'','','','','67'),(634,69,1,'','','','','67'),(635,69,2,'','','','','67'),(636,69,3,'','','','','67'),(637,70,0,'','','','','71'),(638,70,1,'','','','','69'),(639,70,2,'','','','','69'),(640,70,3,'','','','','69'),(641,71,0,'','','','','69'),(642,71,1,'','','','','69'),(643,71,2,'','','','','69'),(644,71,3,'','','','','72'),(645,72,0,'','','','','69'),(646,72,1,'','','','','73'),(647,72,2,'','','','','69'),(648,72,3,'','','','','69'),(649,73,0,'','','','','88'),(650,73,1,'','','','','88'),(651,73,2,'','','','','88'),(652,73,3,'','','','','88'),(653,74,0,'','','','','77'),(654,74,1,'','','','','76'),(655,74,2,'','','','','76'),(656,74,3,'','','','','75'),(657,75,0,'','','','','74'),(658,75,1,'','','','','74'),(659,75,2,'','','','','74'),(660,75,3,'','','','','74'),(661,76,0,'','','','','74'),(662,76,1,'','','','','74'),(663,76,2,'','','','','74'),(664,76,3,'','','','','74'),(665,77,0,'','','','','76'),(666,77,1,'','','','','76'),(667,77,2,'','','','','78'),(668,77,3,'','','','','76'),(669,78,0,'','','','','76'),(670,78,1,'','','','','76'),(671,78,2,'','','','','76'),(672,78,3,'','','','','79'),(673,79,0,'','','','','80'),(674,79,1,'','','','','76'),(675,79,2,'','','','','76'),(676,79,3,'','','','','76'),(677,80,0,'','','','','88'),(678,80,1,'','','','','88'),(679,80,2,'','','','','88'),(680,80,3,'','','','','88'),(681,81,0,'','','','','84'),(682,81,1,'','','','','83'),(683,81,2,'','','','','83'),(684,81,3,'','','','','82'),(685,82,0,'','','','','81'),(686,82,1,'','','','','81'),(687,82,2,'','','','','81'),(688,82,3,'','','','','81'),(689,83,0,'','','','','81'),(690,83,1,'','','','','81'),(691,83,2,'','','','','81'),(692,83,3,'','','','','81'),(693,84,0,'','','','','83'),(694,84,1,'','','','','83'),(695,84,2,'','','','','83'),(696,84,3,'','','','','85'),(697,85,0,'','','','','83'),(698,85,1,'','','','','83'),(699,85,2,'','','','','86'),(700,85,3,'','','','','83'),(701,86,0,'','','','','83'),(702,86,1,'','','','','87'),(703,86,2,'','','','','83'),(704,86,3,'','','','','83'),(705,87,0,'','','','','88'),(706,87,1,'','','','','88'),(707,87,2,'','','','','88'),(708,87,3,'','','','','88'),(709,88,0,'','','','','89'),(710,88,1,'','','','','89'),(711,88,2,'','','','','89'),(712,88,3,'','','','','89'),(713,88,0,'','','','','89'),(714,88,1,'','','','','89'),(715,88,2,'','','','','89'),(716,88,3,'','','','','89'),(717,88,0,'','','','','89'),(718,88,1,'','','','','89'),(719,88,2,'','','','','89'),(720,88,3,'','','','','89'),(721,89,0,'','','','','90'),(722,89,1,'','','','','90'),(723,89,2,'','','','','90'),(724,89,3,'','','','','90'),(725,89,0,'','','','','90'),(726,89,1,'','','','','90'),(727,89,2,'','','','','90'),(728,89,3,'','','','','90'),(729,89,0,'','','','','90'),(730,89,1,'','','','','90'),(731,89,2,'','','','','90'),(732,89,3,'','','','','90'),(733,90,0,'','','','','91'),(734,90,1,'','','','','91'),(735,90,2,'','','','','91'),(736,90,3,'','','','','91'),(737,90,0,'','','','','91'),(738,90,1,'','','','','91'),(739,90,2,'','','','','91'),(740,90,3,'','','','','91'),(741,90,0,'','','','','91'),(742,90,1,'','','','','91'),(743,90,2,'','','','','91'),(744,90,3,'','','','','91'),(745,91,0,'','','','','92'),(746,91,1,'','','','','92'),(747,91,2,'','','','','92'),(748,91,3,'','','','','92'),(749,91,0,'','','','','92'),(750,91,1,'','','','','92'),(751,91,2,'','','','','92'),(752,91,3,'','','','','92'),(753,91,0,'','','','','92'),(754,91,1,'','','','','92'),(755,91,2,'','','','','92'),(756,91,3,'','','','','92'),(757,92,0,'','','','','95'),(758,92,1,'','','','','94'),(759,92,2,'','','','','94'),(760,92,3,'','','','','93'),(761,92,0,'','','','','95'),(762,92,1,'','','','','94'),(763,92,2,'','','','','94'),(764,92,3,'','','','','93'),(765,92,0,'','','','','95'),(766,92,1,'','','','','94'),(767,92,2,'','','','','94'),(768,92,3,'','','','','93'),(769,93,0,'','','','','92'),(770,93,1,'','','','','92'),(771,93,2,'','','','','92'),(772,93,3,'','','','','92'),(773,93,0,'','','','','92'),(774,93,1,'','','','','92'),(775,93,2,'','','','','92'),(776,93,3,'','','','','92'),(777,93,0,'','','','','92'),(778,93,1,'','','','','92'),(779,93,2,'','','','','92'),(780,93,3,'','','','','92'),(781,94,0,'','','','','92'),(782,94,1,'','','','','92'),(783,94,2,'','','','','92'),(784,94,3,'','','','','92'),(785,94,0,'','','','','92'),(786,94,1,'','','','','92'),(787,94,2,'','','','','92'),(788,94,3,'','','','','92'),(789,94,0,'','','','','92'),(790,94,1,'','','','','92'),(791,94,2,'','','','','92'),(792,94,3,'','','','','92'),(793,95,0,'','','','','94'),(794,95,1,'','','','','96'),(795,95,2,'','','','','94'),(796,95,3,'','','','','94'),(797,95,0,'','','','','94'),(798,95,1,'','','','','96'),(799,95,2,'','','','','94'),(800,95,3,'','','','','94'),(801,95,0,'','','','','94'),(802,95,1,'','','','','96'),(803,95,2,'','','','','94'),(804,95,3,'','','','','94'),(805,96,0,'','','','','94'),(806,96,1,'','','','','94'),(807,96,2,'','','','','97'),(808,96,3,'','','','','94'),(809,96,0,'','','','','94'),(810,96,1,'','','','','94'),(811,96,2,'','','','','97'),(812,96,3,'','','','','94'),(813,96,0,'','','','','94'),(814,96,1,'','','','','94'),(815,96,2,'','','','','97'),(816,96,3,'','','','','94'),(817,97,0,'','','','','94'),(818,97,1,'','','','','94'),(819,97,2,'','','','','94'),(820,97,3,'','','','','98'),(821,97,0,'','','','','94'),(822,97,1,'','','','','94'),(823,97,2,'','','','','94'),(824,97,3,'','','','','98'),(825,97,0,'','','','','94'),(826,97,1,'','','','','94'),(827,97,2,'','','','','94'),(828,97,3,'','','','','98'),(829,98,0,'','','','','99'),(830,98,1,'','','','','99'),(831,98,2,'','','','','99'),(832,98,3,'','','','','99'),(833,98,0,'','','','','99'),(834,98,1,'','','','','99'),(835,98,2,'','','','','99'),(836,98,3,'','','','','99'),(837,98,0,'','','','','99'),(838,98,1,'','','','','99'),(839,98,2,'','','','','99'),(840,98,3,'','','','','99'),(841,99,0,'','','','','100'),(842,99,1,'','','','','100'),(843,99,2,'','','','','100'),(844,99,3,'','','','','100'),(845,99,0,'','','','','100'),(846,99,1,'','','','','100'),(847,99,2,'','','','','100'),(848,99,3,'','','','','100'),(849,99,0,'','','','','100'),(850,99,1,'','','','','100'),(851,99,2,'','','','','100'),(852,99,3,'','','','','100'),(853,100,0,'','','','','101'),(854,100,1,'','','','','101'),(855,100,2,'','','','','101'),(856,100,3,'','','','','101'),(857,100,0,'','','','','101'),(858,100,1,'','','','','101'),(859,100,2,'','','','','101'),(860,100,3,'','','','','101'),(861,100,0,'','','','','101'),(862,100,1,'','','','','101'),(863,100,2,'','','','','101'),(864,100,3,'','','','','101'),(865,101,0,'','','','','103'),(866,101,1,'','','','','103'),(867,101,2,'','','','','104'),(868,101,3,'','','','','102'),(869,101,0,'','','','','103'),(870,101,1,'','','','','103'),(871,101,2,'','','','','104'),(872,101,3,'','','','','102'),(873,101,0,'','','','','103'),(874,101,1,'','','','','103'),(875,101,2,'','','','','104'),(876,101,3,'','','','','102'),(877,102,0,'','','','','101'),(878,102,1,'','','','','101'),(879,102,2,'','','','','101'),(880,102,3,'','','','','101'),(881,102,0,'','','','','101'),(882,102,1,'','','','','101'),(883,102,2,'','','','','101'),(884,102,3,'','','','','101'),(885,102,0,'','','','','101'),(886,102,1,'','','','','101'),(887,102,2,'','','','','101'),(888,102,3,'','','','','101'),(889,103,0,'','','','','101'),(890,103,1,'','','','','101'),(891,103,2,'','','','','101'),(892,103,3,'','','','','101'),(893,103,0,'','','','','101'),(894,103,1,'','','','','101'),(895,103,2,'','','','','101'),(896,103,3,'','','','','101'),(897,103,0,'','','','','101'),(898,103,1,'','','','','101'),(899,103,2,'','','','','101'),(900,103,3,'','','','','101'),(901,104,0,'','','','','105'),(902,104,1,'','','','','103'),(903,104,2,'','','','','103'),(904,104,3,'','','','','103'),(905,104,0,'','','','','105'),(906,104,1,'','','','','103'),(907,104,2,'','','','','103'),(908,104,3,'','','','','103'),(909,104,0,'','','','','105'),(910,104,1,'','','','','103'),(911,104,2,'','','','','103'),(912,104,3,'','','','','103'),(913,105,0,'','','','','103'),(914,105,1,'','','','','103'),(915,105,2,'','','','','103'),(916,105,3,'','','','','106'),(917,105,0,'','','','','103'),(918,105,1,'','','','','103'),(919,105,2,'','','','','103'),(920,105,3,'','','','','106'),(921,105,0,'','','','','103'),(922,105,1,'','','','','103'),(923,105,2,'','','','','103'),(924,105,3,'','','','','106'),(925,106,0,'','','','','107'),(926,106,1,'','','','','103'),(927,106,2,'','','','','103'),(928,106,3,'','','','','103'),(929,106,0,'','','','','107'),(930,106,1,'','','','','103'),(931,106,2,'','','','','103'),(932,106,3,'','','','','103'),(933,106,0,'','','','','107'),(934,106,1,'','','','','103'),(935,106,2,'','','','','103'),(936,106,3,'','','','','103'),(937,107,0,'','','','','108'),(938,107,1,'','','','','108'),(939,107,2,'','','','','108'),(940,107,3,'','','','','108'),(941,107,0,'','','','','108'),(942,107,1,'','','','','108'),(943,107,2,'','','','','108'),(944,107,3,'','','','','108'),(945,107,0,'','','','','108'),(946,107,1,'','','','','108'),(947,107,2,'','','','','108'),(948,107,3,'','','','','108'),(949,108,0,'','','','','109'),(950,108,1,'','','','','109'),(951,108,2,'','','','','109'),(952,108,3,'','','','','109'),(953,108,0,'','','','','109'),(954,108,1,'','','','','109'),(955,108,2,'','','','','109'),(956,108,3,'','','','','109'),(957,108,0,'','','','','109'),(958,108,1,'','','','','109'),(959,108,2,'','','','','109'),(960,108,3,'','','','','109'),(961,109,0,'','','','','110'),(962,109,1,'','','','','110'),(963,109,2,'','','','','110'),(964,109,3,'','','','','110'),(965,109,0,'','','','','110'),(966,109,1,'','','','','110'),(967,109,2,'','','','','110'),(968,109,3,'','','','','110'),(969,109,0,'','','','','110'),(970,109,1,'','','','','110'),(971,109,2,'','','','','110'),(972,109,3,'','','','','110'),(973,110,0,'','','','','112'),(974,110,1,'','','','','113'),(975,110,2,'','','','','112'),(976,110,3,'','','','','111'),(977,110,0,'','','','','112'),(978,110,1,'','','','','113'),(979,110,2,'','','','','112'),(980,110,3,'','','','','111'),(981,110,0,'','','','','112'),(982,110,1,'','','','','113'),(983,110,2,'','','','','112'),(984,110,3,'','','','','111'),(985,111,0,'','','','','110'),(986,111,1,'','','','','110'),(987,111,2,'','','','','110'),(988,111,3,'','','','','110'),(989,111,0,'','','','','110'),(990,111,1,'','','','','110'),(991,111,2,'','','','','110'),(992,111,3,'','','','','110'),(993,111,0,'','','','','110'),(994,111,1,'','','','','110'),(995,111,2,'','','','','110'),(996,111,3,'','','','','110'),(997,112,0,'','','','','110'),(998,112,1,'','','','','110'),(999,112,2,'','','','','110'),(1000,112,3,'','','','','110'),(1001,112,0,'','','','','110'),(1002,112,1,'','','','','110'),(1003,112,2,'','','','','110'),(1004,112,3,'','','','','110'),(1005,112,0,'','','','','110'),(1006,112,1,'','','','','110'),(1007,112,2,'','','','','110'),(1008,112,3,'','','','','110'),(1009,113,0,'','','','','114'),(1010,113,1,'','','','','112'),(1011,113,2,'','','','','112'),(1012,113,3,'','','','','112'),(1013,113,0,'','','','','114'),(1014,113,1,'','','','','112'),(1015,113,2,'','','','','112'),(1016,113,3,'','','','','112'),(1017,113,0,'','','','','114'),(1018,113,1,'','','','','112'),(1019,113,2,'','','','','112'),(1020,113,3,'','','','','112'),(1021,114,0,'','','','','112'),(1022,114,1,'','','','','112'),(1023,114,2,'','','','','115'),(1024,114,3,'','','','','112'),(1025,114,0,'','','','','112'),(1026,114,1,'','','','','112'),(1027,114,2,'','','','','115'),(1028,114,3,'','','','','112'),(1029,114,0,'','','','','112'),(1030,114,1,'','','','','112'),(1031,114,2,'','','','','115'),(1032,114,3,'','','','','112'),(1033,115,0,'','','','','112'),(1034,115,1,'','','','','116'),(1035,115,2,'','','','','112'),(1036,115,3,'','','','','112'),(1037,115,0,'','','','','112'),(1038,115,1,'','','','','116'),(1039,115,2,'','','','','112'),(1040,115,3,'','','','','112'),(1041,115,0,'','','','','112'),(1042,115,1,'','','','','116'),(1043,115,2,'','','','','112'),(1044,115,3,'','','','','112'),(1045,116,0,'','','','','117'),(1046,116,1,'','','','','117'),(1047,116,2,'','','','','117'),(1048,116,3,'','','','','117'),(1049,116,0,'','','','','117'),(1050,116,1,'','','','','117'),(1051,116,2,'','','','','117'),(1052,116,3,'','','','','117'),(1053,116,0,'','','','','117'),(1054,116,1,'','','','','117'),(1055,116,2,'','','','','117'),(1056,116,3,'','','','','117'),(1057,117,0,'','','','','118'),(1058,117,1,'','','','','118'),(1059,117,2,'','','','','118'),(1060,117,3,'','','','','118'),(1061,117,0,'','','','','118'),(1062,117,1,'','','','','118'),(1063,117,2,'','','','','118'),(1064,117,3,'','','','','118'),(1065,117,0,'','','','','118'),(1066,117,1,'','','','','118'),(1067,117,2,'','','','','118'),(1068,117,3,'','','','','118'),(1069,118,0,'','','','','119'),(1070,118,1,'','','','','119'),(1071,118,2,'','','','','119'),(1072,118,3,'','','','','119'),(1073,118,0,'','','','','119'),(1074,118,1,'','','','','119'),(1075,118,2,'','','','','119'),(1076,118,3,'','','','','119'),(1077,118,0,'','','','','119'),(1078,118,1,'','','','','119'),(1079,118,2,'','','','','119'),(1080,118,3,'','','','','119'),(1081,119,0,'','','','','121'),(1082,119,1,'','','','','122'),(1083,119,2,'','','','','121'),(1084,119,3,'','','','','120'),(1085,119,0,'','','','','121'),(1086,119,1,'','','','','122'),(1087,119,2,'','','','','121'),(1088,119,3,'','','','','120'),(1089,119,0,'','','','','121'),(1090,119,1,'','','','','122'),(1091,119,2,'','','','','121'),(1092,119,3,'','','','','120'),(1093,120,0,'','','','','119'),(1094,120,1,'','','','','119'),(1095,120,2,'','','','','119'),(1096,120,3,'','','','','119'),(1097,120,0,'','','','','119'),(1098,120,1,'','','','','119'),(1099,120,2,'','','','','119'),(1100,120,3,'','','','','119'),(1101,120,0,'','','','','119'),(1102,120,1,'','','','','119'),(1103,120,2,'','','','','119'),(1104,120,3,'','','','','119'),(1105,121,0,'','','','','119'),(1106,121,1,'','','','','119'),(1107,121,2,'','','','','119'),(1108,121,3,'','','','','119'),(1109,121,0,'','','','','119'),(1110,121,1,'','','','','119'),(1111,121,2,'','','','','119'),(1112,121,3,'','','','','119'),(1113,121,0,'','','','','119'),(1114,121,1,'','','','','119'),(1115,121,2,'','','','','119'),(1116,121,3,'','','','','119'),(1117,122,0,'','','','','121'),(1118,122,1,'','','','','121'),(1119,122,2,'','','','','121'),(1120,122,3,'','','','','123'),(1121,122,0,'','','','','121'),(1122,122,1,'','','','','121'),(1123,122,2,'','','','','121'),(1124,122,3,'','','','','123'),(1125,122,0,'','','','','121'),(1126,122,1,'','','','','121'),(1127,122,2,'','','','','121'),(1128,122,3,'','','','','123'),(1129,123,0,'','','','','124'),(1130,123,1,'','','','','121'),(1131,123,2,'','','','','121'),(1132,123,3,'','','','','121'),(1133,123,0,'','','','','124'),(1134,123,1,'','','','','121'),(1135,123,2,'','','','','121'),(1136,123,3,'','','','','121'),(1137,123,0,'','','','','124'),(1138,123,1,'','','','','121'),(1139,123,2,'','','','','121'),(1140,123,3,'','','','','121'),(1141,124,0,'','','','','121'),(1142,124,1,'','','','','121'),(1143,124,2,'','','','','121'),(1144,124,3,'','','','','125'),(1145,124,0,'','','','','121'),(1146,124,1,'','','','','121'),(1147,124,2,'','','','','121'),(1148,124,3,'','','','','125'),(1149,124,0,'','','','','121'),(1150,124,1,'','','','','121'),(1151,124,2,'','','','','121'),(1152,124,3,'','','','','125'),(1153,125,0,'','','','','126'),(1154,125,1,'','','','','126'),(1155,125,2,'','','','','126'),(1156,125,3,'','','','','126'),(1157,125,0,'','','','','126'),(1158,125,1,'','','','','126'),(1159,125,2,'','','','','126'),(1160,125,3,'','','','','126'),(1161,125,0,'','','','','126'),(1162,125,1,'','','','','126'),(1163,125,2,'','','','','126'),(1164,125,3,'','','','','126'),(1165,126,0,'','','','','66'),(1166,126,1,'','','','','66'),(1167,126,2,'','','','','66'),(1168,126,3,'','','','','66'),(1169,126,0,'','','','','66'),(1170,126,1,'','','','','66'),(1171,126,2,'','','','','66'),(1172,126,3,'','','','','66'),(1173,126,0,'','','','','66'),(1174,126,1,'','','','','66'),(1175,126,2,'','','','','66'),(1176,126,3,'','','','','66'),(1177,127,0,'','','','','131'),(1178,127,1,'','','','','130'),(1179,127,2,'','','','','131'),(1180,127,3,'','','','','128'),(1181,128,0,'','','','','127'),(1182,128,1,'','','','','127'),(1183,128,2,'','','','','127'),(1184,128,3,'','','','','127'),(1185,129,0,'','','','','127'),(1186,129,1,'','','','','127'),(1187,129,2,'','','','','127'),(1188,129,3,'','','','','127'),(1189,130,0,'','','','','131'),(1190,130,1,'','','','','129'),(1191,130,2,'','','','','129'),(1192,130,3,'','','','','129'),(1193,131,0,'','','','','129'),(1194,131,1,'','','','','129'),(1195,131,2,'','','','','132'),(1196,131,3,'','','','','129'),(1197,132,0,'','','','','129'),(1198,132,1,'','','','','133'),(1199,132,2,'','','','','129'),(1200,132,3,'','','','','129'),(1201,133,0,'','','','','148'),(1202,133,1,'','','','','148'),(1203,133,2,'','','','','148'),(1204,133,3,'','','','','148'),(1205,134,0,'','','','','136'),(1206,134,1,'','','','','137'),(1207,134,2,'','','','','136'),(1208,134,3,'','','','','135'),(1209,135,0,'','','','','134'),(1210,135,1,'','','','','134'),(1211,135,2,'','','','','134'),(1212,135,3,'','','','','134'),(1213,136,0,'','','','','134'),(1214,136,1,'','','','','134'),(1215,136,2,'','','','','134'),(1216,136,3,'','','','','134'),(1217,137,0,'','','','','138'),(1218,137,1,'','','','','136'),(1219,137,2,'','','','','136'),(1220,137,3,'','','','','136'),(1221,138,0,'','','','','136'),(1222,138,1,'','','','','139'),(1223,138,2,'','','','','136'),(1224,138,3,'','','','','136'),(1225,139,0,'','','','','140'),(1226,139,1,'','','','','136'),(1227,139,2,'','','','','136'),(1228,139,3,'','','','','136'),(1229,140,0,'','','','','148'),(1230,140,1,'','','','','148'),(1231,140,2,'','','','','148'),(1232,140,3,'','','','','148'),(1233,141,0,'','','','','143'),(1234,141,1,'','','','','144'),(1235,141,2,'','','','','143'),(1236,141,3,'','','','','142'),(1237,142,0,'','','','','141'),(1238,142,1,'','','','','141'),(1239,142,2,'','','','','141'),(1240,142,3,'','','','','141'),(1241,143,0,'','','','','141'),(1242,143,1,'','','','','141'),(1243,143,2,'','','','','141'),(1244,143,3,'','','','','141'),(1245,144,0,'','','','','143'),(1246,144,1,'','','','','143'),(1247,144,2,'','','','','143'),(1248,144,3,'','','','','145'),(1249,145,0,'','','','','146'),(1250,145,1,'','','','','143'),(1251,145,2,'','','','','143'),(1252,145,3,'','','','','143'),(1253,146,0,'','','','','143'),(1254,146,1,'','','','','143'),(1255,146,2,'','','','','143'),(1256,146,3,'','','','','147'),(1257,147,0,'','','','','148'),(1258,147,1,'','','','','148'),(1259,147,2,'','','','','148'),(1260,147,3,'','','','','148'),(1261,148,0,'','','','','149'),(1262,148,1,'','','','','149'),(1263,148,2,'','','','','149'),(1264,148,3,'','','','','149'),(1265,148,0,'','','','','149'),(1266,148,1,'','','','','149'),(1267,148,2,'','','','','149'),(1268,148,3,'','','','','149'),(1269,148,0,'','','','','149'),(1270,148,1,'','','','','149'),(1271,148,2,'','','','','149'),(1272,148,3,'','','','','149'),(1273,149,0,'','','','','150'),(1274,149,1,'','','','','150'),(1275,149,2,'','','','','150'),(1276,149,3,'','','','','150'),(1277,149,0,'','','','','150'),(1278,149,1,'','','','','150'),(1279,149,2,'','','','','150'),(1280,149,3,'','','','','150'),(1281,149,0,'','','','','150'),(1282,149,1,'','','','','150'),(1283,149,2,'','','','','150'),(1284,149,3,'','','','','150'),(1285,150,0,'','','','','151'),(1286,150,1,'','','','','151'),(1287,150,2,'','','','','151'),(1288,150,3,'','','','','151'),(1289,150,0,'','','','','151'),(1290,150,1,'','','','','151'),(1291,150,2,'','','','','151'),(1292,150,3,'','','','','151'),(1293,150,0,'','','','','151'),(1294,150,1,'','','','','151'),(1295,150,2,'','','','','151'),(1296,150,3,'','','','','151'),(1297,151,0,'','','','','152'),(1298,151,1,'','','','','152'),(1299,151,2,'','','','','152'),(1300,151,3,'','','','','152'),(1301,151,0,'','','','','152'),(1302,151,1,'','','','','152'),(1303,151,2,'','','','','152'),(1304,151,3,'','','','','152'),(1305,151,0,'','','','','152'),(1306,151,1,'','','','','152'),(1307,151,2,'','','','','152'),(1308,151,3,'','','','','152'),(1309,152,0,'','','','','154'),(1310,152,1,'','','','','155'),(1311,152,2,'','','','','154'),(1312,152,3,'','','','','153'),(1313,152,0,'','','','','154'),(1314,152,1,'','','','','155'),(1315,152,2,'','','','','154'),(1316,152,3,'','','','','153'),(1317,152,0,'','','','','154'),(1318,152,1,'','','','','155'),(1319,152,2,'','','','','154'),(1320,152,3,'','','','','153'),(1321,153,0,'','','','','152'),(1322,153,1,'','','','','152'),(1323,153,2,'','','','','152'),(1324,153,3,'','','','','152'),(1325,153,0,'','','','','152'),(1326,153,1,'','','','','152'),(1327,153,2,'','','','','152'),(1328,153,3,'','','','','152'),(1329,153,0,'','','','','152'),(1330,153,1,'','','','','152'),(1331,153,2,'','','','','152'),(1332,153,3,'','','','','152'),(1333,154,0,'','','','','152'),(1334,154,1,'','','','','152'),(1335,154,2,'','','','','152'),(1336,154,3,'','','','','152'),(1337,154,0,'','','','','152'),(1338,154,1,'','','','','152'),(1339,154,2,'','','','','152'),(1340,154,3,'','','','','152'),(1341,154,0,'','','','','152'),(1342,154,1,'','','','','152'),(1343,154,2,'','','','','152'),(1344,154,3,'','','','','152'),(1345,155,0,'','','','','152'),(1346,155,1,'','','','','156'),(1347,155,2,'','','','','152'),(1348,155,3,'','','','','152'),(1349,155,0,'','','','','152'),(1350,155,1,'','','','','156'),(1351,155,2,'','','','','152'),(1352,155,3,'','','','','152'),(1353,155,0,'','','','','152'),(1354,155,1,'','','','','156'),(1355,155,2,'','','','','152'),(1356,155,3,'','','','','152'),(1357,156,0,'','','','','157'),(1358,156,1,'','','','','152'),(1359,156,2,'','','','','152'),(1360,156,3,'','','','','152'),(1361,156,0,'','','','','157'),(1362,156,1,'','','','','152'),(1363,156,2,'','','','','152'),(1364,156,3,'','','','','152'),(1365,156,0,'','','','','157'),(1366,156,1,'','','','','152'),(1367,156,2,'','','','','152'),(1368,156,3,'','','','','152'),(1369,157,0,'','','','','152'),(1370,157,1,'','','','','152'),(1371,157,2,'','','','','152'),(1372,157,3,'','','','','158'),(1373,157,0,'','','','','152'),(1374,157,1,'','','','','152'),(1375,157,2,'','','','','152'),(1376,157,3,'','','','','158'),(1377,157,0,'','','','','152'),(1378,157,1,'','','','','152'),(1379,157,2,'','','','','152'),(1380,157,3,'','','','','158'),(1381,158,0,'','','','','159'),(1382,158,1,'','','','','159'),(1383,158,2,'','','','','159'),(1384,158,3,'','','','','159'),(1385,158,0,'','','','','159'),(1386,158,1,'','','','','159'),(1387,158,2,'','','','','159'),(1388,158,3,'','','','','159'),(1389,158,0,'','','','','159'),(1390,158,1,'','','','','159'),(1391,158,2,'','','','','159'),(1392,158,3,'','','','','159'),(1393,159,0,'','','','','160'),(1394,159,1,'','','','','160'),(1395,159,2,'','','','','160'),(1396,159,3,'','','','','160'),(1397,159,0,'','','','','160'),(1398,159,1,'','','','','160'),(1399,159,2,'','','','','160'),(1400,159,3,'','','','','160'),(1401,159,0,'','','','','160'),(1402,159,1,'','','','','160'),(1403,159,2,'','','','','160'),(1404,159,3,'','','','','160'),(1405,160,0,'','','','','161'),(1406,160,1,'','','','','161'),(1407,160,2,'','','','','161'),(1408,160,3,'','','','','161'),(1409,160,0,'','','','','161'),(1410,160,1,'','','','','161'),(1411,160,2,'','','','','161'),(1412,160,3,'','','','','161'),(1413,160,0,'','','','','161'),(1414,160,1,'','','','','161'),(1415,160,2,'','','','','161'),(1416,160,3,'','','','','161'),(1417,161,0,'','','','','163'),(1418,161,1,'','','','','163'),(1419,161,2,'','','','','164'),(1420,161,3,'','','','','162'),(1421,161,0,'','','','','163'),(1422,161,1,'','','','','163'),(1423,161,2,'','','','','164'),(1424,161,3,'','','','','162'),(1425,161,0,'','','','','163'),(1426,161,1,'','','','','163'),(1427,161,2,'','','','','164'),(1428,161,3,'','','','','162'),(1429,162,0,'','','','','161'),(1430,162,1,'','','','','161'),(1431,162,2,'','','','','161'),(1432,162,3,'','','','','161'),(1433,162,0,'','','','','161'),(1434,162,1,'','','','','161'),(1435,162,2,'','','','','161'),(1436,162,3,'','','','','161'),(1437,162,0,'','','','','161'),(1438,162,1,'','','','','161'),(1439,162,2,'','','','','161'),(1440,162,3,'','','','','161'),(1441,163,0,'','','','','161'),(1442,163,1,'','','','','161'),(1443,163,2,'','','','','161'),(1444,163,3,'','','','','161'),(1445,163,0,'','','','','161'),(1446,163,1,'','','','','161'),(1447,163,2,'','','','','161'),(1448,163,3,'','','','','161'),(1449,163,0,'','','','','161'),(1450,163,1,'','','','','161'),(1451,163,2,'','','','','161'),(1452,163,3,'','','','','161'),(1453,164,0,'','','','','163'),(1454,164,1,'','','','','165'),(1455,164,2,'','','','','163'),(1456,164,3,'','','','','163'),(1457,164,0,'','','','','163'),(1458,164,1,'','','','','165'),(1459,164,2,'','','','','163'),(1460,164,3,'','','','','163'),(1461,164,0,'','','','','163'),(1462,164,1,'','','','','165'),(1463,164,2,'','','','','163'),(1464,164,3,'','','','','163'),(1465,165,0,'','','','','166'),(1466,165,1,'','','','','163'),(1467,165,2,'','','','','163'),(1468,165,3,'','','','','163'),(1469,165,0,'','','','','166'),(1470,165,1,'','','','','163'),(1471,165,2,'','','','','163'),(1472,165,3,'','','','','163'),(1473,165,0,'','','','','166'),(1474,165,1,'','','','','163'),(1475,165,2,'','','','','163'),(1476,165,3,'','','','','166'),(1477,166,0,'','','','','163'),(1478,166,1,'','','','','163'),(1479,166,2,'','','','','167'),(1480,166,3,'','','','','163'),(1481,166,0,'','','','','163'),(1482,166,1,'','','','','163'),(1483,166,2,'','','','','167'),(1484,166,3,'','','','','163'),(1485,166,0,'','','','','163'),(1486,166,1,'','','','','163'),(1487,166,2,'','','','','167'),(1488,166,3,'','','','','163'),(1489,167,0,'','','','','168'),(1490,167,1,'','','','','168'),(1491,167,2,'','','','','168'),(1492,167,3,'','','','','168'),(1493,167,0,'','','','','168'),(1494,167,1,'','','','','168'),(1495,167,2,'','','','','168'),(1496,167,3,'','','','','168'),(1497,167,0,'','','','','168'),(1498,167,1,'','','','','168'),(1499,167,2,'','','','','168'),(1500,167,3,'','','','','168'),(1501,168,0,'','','','','169'),(1502,168,1,'','','','','169'),(1503,168,2,'','','','','169'),(1504,168,3,'','','','','169'),(1505,168,0,'','','','','169'),(1506,168,1,'','','','','169'),(1507,168,2,'','','','','169'),(1508,168,3,'','','','','169'),(1509,168,0,'','','','','169'),(1510,168,1,'','','','','169'),(1511,168,2,'','','','','169'),(1512,168,3,'','','','','169'),(1513,169,0,'','','','','170'),(1514,169,1,'','','','','170'),(1515,169,2,'','','','','170'),(1516,169,3,'','','','','170'),(1517,169,0,'','','','','170'),(1518,169,1,'','','','','170'),(1519,169,2,'','','','','170'),(1520,169,3,'','','','','170'),(1521,169,0,'','','','','170'),(1522,169,1,'','','','','170'),(1523,169,2,'','','','','170'),(1524,169,3,'','','','','170'),(1525,170,0,'','','','','172'),(1526,170,1,'','','','','173'),(1527,170,2,'','','','','172'),(1528,170,3,'','','','','171'),(1529,170,0,'','','','','172'),(1530,170,1,'','','','','173'),(1531,170,2,'','','','','172'),(1532,170,3,'','','','','171'),(1533,170,0,'','','','','172'),(1534,170,1,'','','','','173'),(1535,170,2,'','','','','172'),(1536,170,3,'','','','','171'),(1537,171,0,'','','','','170'),(1538,171,1,'','','','','170'),(1539,171,2,'','','','','170'),(1540,171,3,'','','','','170'),(1541,171,0,'','','','','170'),(1542,171,1,'','','','','170'),(1543,171,2,'','','','','170'),(1544,171,3,'','','','','170'),(1545,171,0,'','','','','170'),(1546,171,1,'','','','','170'),(1547,171,2,'','','','','170'),(1548,171,3,'','','','','170'),(1549,172,0,'','','','','170'),(1550,172,1,'','','','','170'),(1551,172,2,'','','','','170'),(1552,172,3,'','','','','170'),(1553,172,0,'','','','','170'),(1554,172,1,'','','','','170'),(1555,172,2,'','','','','170'),(1556,172,3,'','','','','170'),(1557,172,0,'','','','','170'),(1558,172,1,'','','','','170'),(1559,172,2,'','','','','170'),(1560,172,3,'','','','','170'),(1561,173,0,'','','','','174'),(1562,173,1,'','','','','172'),(1563,173,2,'','','','','172'),(1564,173,3,'','','','','172'),(1565,173,0,'','','','','174'),(1566,173,1,'','','','','172'),(1567,173,2,'','','','','172'),(1568,173,3,'','','','','172'),(1569,173,0,'','','','','174'),(1570,173,1,'','','','','172'),(1571,173,2,'','','','','172'),(1572,173,3,'','','','','172'),(1573,174,0,'','','','','172'),(1574,174,1,'','','','','172'),(1575,174,2,'','','','','172'),(1576,174,3,'','','','','175'),(1577,174,0,'','','','','172'),(1578,174,1,'','','','','172'),(1579,174,2,'','','','','172'),(1580,174,3,'','','','','175'),(1581,174,0,'','','','','172'),(1582,174,1,'','','','','172'),(1583,174,2,'','','','','172'),(1584,174,3,'','','','','175'),(1585,175,0,'','','','','172'),(1586,175,1,'','','','','172'),(1587,175,2,'','','','','176'),(1588,175,3,'','','','','172'),(1589,175,0,'','','','','172'),(1590,175,1,'','','','','172'),(1591,175,2,'','','','','176'),(1592,175,3,'','','','','172'),(1593,175,0,'','','','','172'),(1594,175,1,'','','','','172'),(1595,175,2,'','','','','176'),(1596,175,3,'','','','','172'),(1597,176,0,'','','','','177'),(1598,176,1,'','','','','177'),(1599,176,2,'','','','','177'),(1600,176,3,'','','','','177'),(1601,176,0,'','','','','177'),(1602,176,1,'','','','','177'),(1603,176,2,'','','','','177'),(1604,176,3,'','','','','177'),(1605,176,0,'','','','','177'),(1606,176,1,'','','','','177'),(1607,176,2,'','','','','177'),(1608,176,3,'','','','','177'),(1609,177,0,'','','','','178'),(1610,177,1,'','','','','178'),(1611,177,2,'','','','','178'),(1612,177,3,'','','','','178'),(1613,177,0,'','','','','178'),(1614,177,1,'','','','','178'),(1615,177,2,'','','','','178'),(1616,177,3,'','','','','178'),(1617,177,0,'','','','','178'),(1618,177,1,'','','','','178'),(1619,177,2,'','','','','178'),(1620,177,3,'','','','','178'),(1621,178,0,'','','','','179'),(1622,178,1,'','','','','179'),(1623,178,2,'','','','','179'),(1624,178,3,'','','','','179'),(1625,178,0,'','','','','179'),(1626,178,1,'','','','','179'),(1627,178,2,'','','','','179'),(1628,178,3,'','','','','179'),(1629,178,0,'','','','','179'),(1630,178,1,'','','','','179'),(1631,178,2,'','','','','179'),(1632,178,3,'','','','','179'),(1633,179,0,'','','','','182'),(1634,179,1,'','','','','181'),(1635,179,2,'','','','','181'),(1636,179,3,'','','','','180'),(1637,179,0,'','','','','182'),(1638,179,1,'','','','','181'),(1639,179,2,'','','','','181'),(1640,179,3,'','','','','180'),(1641,179,0,'','','','','182'),(1642,179,1,'','','','','181'),(1643,179,2,'','','','','181'),(1644,179,3,'','','','','180'),(1645,180,0,'','','','','179'),(1646,180,1,'','','','','179'),(1647,180,2,'','','','','179'),(1648,180,3,'','','','','179'),(1649,180,0,'','','','','179'),(1650,180,1,'','','','','179'),(1651,180,2,'','','','','179'),(1652,180,3,'','','','','179'),(1653,180,0,'','','','','179'),(1654,180,1,'','','','','179'),(1655,180,2,'','','','','179'),(1656,180,3,'','','','','179'),(1657,181,0,'','','','','179'),(1658,181,1,'','','','','179'),(1659,181,2,'','','','','179'),(1660,181,3,'','','','','179'),(1661,181,0,'','','','','179'),(1662,181,1,'','','','','179'),(1663,181,2,'','','','','179'),(1664,181,3,'','','','','179'),(1665,181,0,'','','','','179'),(1666,181,1,'','','','','179'),(1667,181,2,'','','','','179'),(1668,181,3,'','','','','179'),(1669,182,0,'','','','','181'),(1670,182,1,'','','','','181'),(1671,182,2,'','','','','183'),(1672,182,3,'','','','','181'),(1673,182,0,'','','','','181'),(1674,182,1,'','','','','181'),(1675,182,2,'','','','','183'),(1676,182,3,'','','','','181'),(1677,182,0,'','','','','181'),(1678,182,1,'','','','','181'),(1679,182,2,'','','','','183'),(1680,182,3,'','','','','181'),(1681,183,0,'','','','','184'),(1682,183,1,'','','','','181'),(1683,183,2,'','','','','181'),(1684,183,3,'','','','','181'),(1685,183,0,'','','','','184'),(1686,183,1,'','','','','181'),(1687,183,2,'','','','','181'),(1688,183,3,'','','','','181'),(1689,183,0,'','','','','184'),(1690,183,1,'','','','','181'),(1691,183,2,'','','','','181'),(1692,183,3,'','','','','181'),(1693,184,0,'','','','','181'),(1694,184,1,'','','','','181'),(1695,184,2,'','','','','185'),(1696,184,3,'','','','','181'),(1697,184,0,'','','','','181'),(1698,184,1,'','','','','181'),(1699,184,2,'','','','','185'),(1700,184,3,'','','','','181'),(1701,184,0,'','','','','181'),(1702,184,1,'','','','','181'),(1703,184,2,'','','','','185'),(1704,184,3,'','','','','181'),(1705,185,0,'','','','','186'),(1706,185,1,'','','','','186'),(1707,185,2,'','','','','186'),(1708,185,3,'','','','','186'),(1709,185,0,'','','','','186'),(1710,185,1,'','','','','186'),(1711,185,2,'','','','','186'),(1712,185,3,'','','','','186'),(1713,185,0,'','','','','186'),(1714,185,1,'','','','','186'),(1715,185,2,'','','','','186'),(1716,185,3,'','','','','186'),(1717,186,0,'','','','','66'),(1718,186,1,'','','','','66'),(1719,186,2,'','','','','66'),(1720,186,3,'','','','','66'),(1721,186,0,'','','','','66'),(1722,186,1,'','','','','66'),(1723,186,2,'','','','','66'),(1724,186,3,'','','','','66'),(1725,186,0,'','','','','66'),(1726,186,1,'','','','','66'),(1727,186,2,'','','','','66'),(1728,186,3,'','','','','66');
/*!40000 ALTER TABLE `gamestatetransitions` ENABLE KEYS */;
UNLOCK TABLES;

--
-- Table structure for table `hint`
--

DROP TABLE IF EXISTS `hint`;
/*!40101 SET @saved_cs_client     = @@character_set_client */;
/*!40101 SET character_set_client = utf8 */;
CREATE TABLE `hint` (
  `hintId` int(11) NOT NULL AUTO_INCREMENT,
  `hintSetId` int(11) DEFAULT NULL,
  `gameStateId` int(11) DEFAULT NULL,
  `sequence` int(11) DEFAULT NULL,
  `textContent` varchar(45) DEFAULT NULL,
  `gameInstanceId` int(11) NOT NULL,
  PRIMARY KEY (`hintId`),
  KEY `fk_hint_gameInstance_idx` (`gameInstanceId`),
  CONSTRAINT `fk_hint_gameInstance` FOREIGN KEY (`gameInstanceId`) REFERENCES `gameinstance` (`gameInstanceId`) ON DELETE NO ACTION ON UPDATE NO ACTION
) ENGINE=InnoDB DEFAULT CHARSET=utf8;
/*!40101 SET character_set_client = @saved_cs_client */;

--
-- Dumping data for table `hint`
--

LOCK TABLES `hint` WRITE;
/*!40000 ALTER TABLE `hint` DISABLE KEYS */;
/*!40000 ALTER TABLE `hint` ENABLE KEYS */;
UNLOCK TABLES;

--
-- Table structure for table `mathskills`
--

DROP TABLE IF EXISTS `mathskills`;
/*!40101 SET @saved_cs_client     = @@character_set_client */;
/*!40101 SET character_set_client = utf8 */;
CREATE TABLE `mathskills` (
  `mathSkillId` int(11) NOT NULL AUTO_INCREMENT,
  `name` varchar(45) DEFAULT NULL,
  `grade` int(11) DEFAULT NULL,
  `subject` varchar(45) DEFAULT NULL,
  `domainName` varchar(45) DEFAULT NULL,
  `clusterName` varchar(45) DEFAULT NULL,
  `standardName` varchar(45) DEFAULT NULL,
  `standardDescription` varchar(45) DEFAULT NULL,
  PRIMARY KEY (`mathSkillId`)
) ENGINE=InnoDB DEFAULT CHARSET=utf8;
/*!40101 SET character_set_client = @saved_cs_client */;

--
-- Dumping data for table `mathskills`
--

LOCK TABLES `mathskills` WRITE;
/*!40000 ALTER TABLE `mathskills` DISABLE KEYS */;
/*!40000 ALTER TABLE `mathskills` ENABLE KEYS */;
UNLOCK TABLES;

--
-- Table structure for table `players`
--

DROP TABLE IF EXISTS `players`;
/*!40101 SET @saved_cs_client     = @@character_set_client */;
/*!40101 SET character_set_client = utf8 */;
CREATE TABLE `players` (
  `playerId` int(11) NOT NULL AUTO_INCREMENT,
  `gameInstanceId` int(11) DEFAULT NULL,
  `studentId` int(11) DEFAULT NULL,
  `currentGameState` int(11) DEFAULT NULL,
  PRIMARY KEY (`playerId`)
) ENGINE=InnoDB DEFAULT CHARSET=utf8;
/*!40101 SET character_set_client = @saved_cs_client */;

--
-- Dumping data for table `players`
--

LOCK TABLES `players` WRITE;
/*!40000 ALTER TABLE `players` DISABLE KEYS */;
/*!40000 ALTER TABLE `players` ENABLE KEYS */;
UNLOCK TABLES;

--
-- Table structure for table `student`
--

DROP TABLE IF EXISTS `student`;
/*!40101 SET @saved_cs_client     = @@character_set_client */;
/*!40101 SET character_set_client = utf8 */;
CREATE TABLE `student` (
  `studentId` int(11) NOT NULL AUTO_INCREMENT,
  `firstName` varchar(45) NOT NULL,
  `lastName` varchar(45) NOT NULL,
  `gender` varchar(45) DEFAULT NULL,
  `age` int(11) DEFAULT NULL,
  `classId` int(11) NOT NULL,
  PRIMARY KEY (`studentId`)
) ENGINE=InnoDB AUTO_INCREMENT=50 DEFAULT CHARSET=utf8;
/*!40101 SET character_set_client = @saved_cs_client */;

--
-- Dumping data for table `student`
--

LOCK TABLES `student` WRITE;
/*!40000 ALTER TABLE `student` DISABLE KEYS */;
INSERT INTO `student` VALUES (1,'Jack','B','',0,1),(2,'Manjusha','C','',0,1),(3,'Elianna','D','',0,1),(4,'Veronika','E','',0,1),(5,'Melissa','F','',0,1),(6,'Sean','F','',0,1),(7,'Jack','M','',0,1),(8,'Trevor','M','',0,1),(9,'Nathan','N','',0,1),(10,'Kent','P','',0,1),(11,'Jenna','P','',0,1),(12,'Ritvik','R','',0,1),(13,'Kira','S','',0,1),(14,'Rithika','S','',0,1),(15,'Jonathan','S','',0,1),(16,'Sally','Z','',0,1),(17,'Nils','B','',0,2),(18,'Numaan','D','',0,2),(19,'Sarah','D','',0,2),(20,'Tamsin','E','',0,2),(21,'Cameron','H','',0,2),(22,'Keving','H','',0,2),(23,'Greta','J','',0,2),(24,'Sameer','K','',0,2),(25,'Sathwik','K','',0,2),(26,'Yasaman','K','',0,2),(27,'Abigail','L','',0,2),(28,'Michelle','L','',0,2),(29,'Sam','O','',0,2),(30,'Daya','S','',0,2),(31,'Varnika','S','',0,2),(32,'Patrick','W','',0,2),(33,'Jinchao','Y','',0,2),(34,'Nilay','B','',0,3),(35,'Emma','B','',0,3),(36,'Celine','B','',0,3),(37,'Elena','C','',0,3),(38,'Niall','D','',0,3),(39,'George','G','',0,3),(40,'Gia','H','',0,3),(41,'Aditya','H','',0,3),(42,'Tao','L','',0,3),(43,'Rinija','R','',0,3),(44,'Ramviknesh','R','',0,3),(45,'Sarah','R','',0,3),(46,'Jessica','R','',0,3),(47,'Charan','S','',0,3),(48,'Aarthi','S','',0,3),(49,'John','T','',0,3);
/*!40000 ALTER TABLE `student` ENABLE KEYS */;
UNLOCK TABLES;

--
-- Table structure for table `studentmathskills`
--

DROP TABLE IF EXISTS `studentmathskills`;
/*!40101 SET @saved_cs_client     = @@character_set_client */;
/*!40101 SET character_set_client = utf8 */;
CREATE TABLE `studentmathskills` (
  `studentMathSkillId` int(11) NOT NULL AUTO_INCREMENT,
  `studentId` int(11) DEFAULT NULL,
  `mathSkillId` int(11) DEFAULT NULL,
  `stat` int(11) DEFAULT NULL,
  PRIMARY KEY (`studentMathSkillId`)
) ENGINE=InnoDB DEFAULT CHARSET=utf8;
/*!40101 SET character_set_client = @saved_cs_client */;

--
-- Dumping data for table `studentmathskills`
--

LOCK TABLES `studentmathskills` WRITE;
/*!40000 ALTER TABLE `studentmathskills` DISABLE KEYS */;
/*!40000 ALTER TABLE `studentmathskills` ENABLE KEYS */;
UNLOCK TABLES;

--
-- Table structure for table `teacher`
--

DROP TABLE IF EXISTS `teacher`;
/*!40101 SET @saved_cs_client     = @@character_set_client */;
/*!40101 SET character_set_client = utf8 */;
CREATE TABLE `teacher` (
  `teacherId` int(11) NOT NULL AUTO_INCREMENT,
  `email` varchar(45) NOT NULL,
  `password` varchar(45) NOT NULL,
  `firstName` varchar(45) NOT NULL,
  `lastName` varchar(45) NOT NULL,
  `school` varchar(45) NOT NULL,
  PRIMARY KEY (`teacherId`)
) ENGINE=InnoDB AUTO_INCREMENT=2 DEFAULT CHARSET=utf8;
/*!40101 SET character_set_client = @saved_cs_client */;

--
-- Dumping data for table `teacher`
--

LOCK TABLES `teacher` WRITE;
/*!40000 ALTER TABLE `teacher` DISABLE KEYS */;
INSERT INTO `teacher` VALUES (1,'umass','FFBAAE3922F903EB4A886E6CFB0C5C17','Matthew','Micciolo','UMass');
/*!40000 ALTER TABLE `teacher` ENABLE KEYS */;
UNLOCK TABLES;

--
-- Table structure for table `team`
--

DROP TABLE IF EXISTS `team`;
/*!40101 SET @saved_cs_client     = @@character_set_client */;
/*!40101 SET character_set_client = utf8 */;
CREATE TABLE `team` (
  `teamId` int(11) NOT NULL AUTO_INCREMENT,
  `gameId` int(11) DEFAULT NULL,
  `teamName` varchar(45) DEFAULT NULL,
  PRIMARY KEY (`teamId`)
) ENGINE=InnoDB DEFAULT CHARSET=utf8;
/*!40101 SET character_set_client = @saved_cs_client */;

--
-- Dumping data for table `team`
--

LOCK TABLES `team` WRITE;
/*!40000 ALTER TABLE `team` DISABLE KEYS */;
/*!40000 ALTER TABLE `team` ENABLE KEYS */;
UNLOCK TABLES;

--
-- Table structure for table `teamstudents`
--

DROP TABLE IF EXISTS `teamstudents`;
/*!40101 SET @saved_cs_client     = @@character_set_client */;
/*!40101 SET character_set_client = utf8 */;
CREATE TABLE `teamstudents` (
  `teamStudentId` int(11) NOT NULL AUTO_INCREMENT,
  `playerId` int(11) DEFAULT NULL,
  `teamId` int(11) DEFAULT NULL,
  PRIMARY KEY (`teamStudentId`)
) ENGINE=InnoDB DEFAULT CHARSET=utf8;
/*!40101 SET character_set_client = @saved_cs_client */;

--
-- Dumping data for table `teamstudents`
--

LOCK TABLES `teamstudents` WRITE;
/*!40000 ALTER TABLE `teamstudents` DISABLE KEYS */;
/*!40000 ALTER TABLE `teamstudents` ENABLE KEYS */;
UNLOCK TABLES;
/*!40103 SET TIME_ZONE=@OLD_TIME_ZONE */;

/*!40101 SET SQL_MODE=@OLD_SQL_MODE */;
/*!40014 SET FOREIGN_KEY_CHECKS=@OLD_FOREIGN_KEY_CHECKS */;
/*!40014 SET UNIQUE_CHECKS=@OLD_UNIQUE_CHECKS */;
/*!40101 SET CHARACTER_SET_CLIENT=@OLD_CHARACTER_SET_CLIENT */;
/*!40101 SET CHARACTER_SET_RESULTS=@OLD_CHARACTER_SET_RESULTS */;
/*!40101 SET COLLATION_CONNECTION=@OLD_COLLATION_CONNECTION */;
/*!40111 SET SQL_NOTES=@OLD_SQL_NOTES */;

-- Dump completed on 2017-02-17  1:08:28
